id,product_id,pdf_id,sort_order,created_at,source
1,650,1,0,2026-05-10 13:55:49,abk
2,651,1,0,2026-05-10 13:55:49,abk
3,652,1,0,2026-05-10 13:55:49,abk
4,653,1,0,2026-05-10 13:55:49,abk
5,654,2,0,2026-05-10 13:55:49,abk
6,655,2,0,2026-05-10 13:55:49,abk
7,656,2,0,2026-05-10 13:55:49,abk
8,657,3,0,2026-05-10 13:55:49,abk
9,658,3,0,2026-05-10 13:55:49,abk
10,659,3,0,2026-05-10 13:55:49,abk
11,660,3,0,2026-05-10 13:55:49,abk
12,661,4,0,2026-05-10 13:55:49,abk
13,662,4,0,2026-05-10 13:55:49,abk
14,663,4,0,2026-05-10 13:55:49,abk
15,664,5,0,2026-05-10 13:55:49,abk
16,665,5,0,2026-05-10 13:55:49,abk
17,666,5,0,2026-05-10 13:55:49,abk
18,667,5,0,2026-05-10 13:55:49,abk
19,668,6,0,2026-05-10 13:55:49,abk
20,669,6,0,2026-05-10 13:55:49,abk
21,670,7,0,2026-05-10 13:55:49,abk
22,670,8,1,2026-05-10 13:55:49,abk
23,671,7,0,2026-05-10 13:55:49,abk
24,671,8,1,2026-05-10 13:55:49,abk
25,672,7,0,2026-05-10 13:55:49,abk
26,672,8,1,2026-05-10 13:55:49,abk
27,679,9,0,2026-05-10 13:55:49,abk
28,680,9,0,2026-05-10 13:55:49,abk
29,681,9,0,2026-05-10 13:55:49,abk
30,682,9,0,2026-05-10 13:55:49,abk
31,686,10,0,2026-05-10 13:55:49,abk
32,687,10,0,2026-05-10 13:55:49,abk
33,688,10,0,2026-05-10 13:55:49,abk
34,689,10,0,2026-05-10 13:55:49,abk
35,690,10,0,2026-05-10 13:55:49,abk
36,701,11,0,2026-05-10 13:55:49,abk
37,702,11,0,2026-05-10 13:55:49,abk
38,703,11,0,2026-05-10 13:55:49,abk
39,704,11,0,2026-05-10 13:55:49,abk
40,705,11,0,2026-05-10 13:55:49,abk
41,706,11,0,2026-05-10 13:55:49,abk
42,707,11,0,2026-05-10 13:55:49,abk
43,708,11,0,2026-05-10 13:55:49,abk
44,709,11,0,2026-05-10 13:55:49,abk
45,710,11,0,2026-05-10 13:55:49,abk
46,711,11,0,2026-05-10 13:55:49,abk
47,712,11,0,2026-05-10 13:55:49,abk
48,713,11,0,2026-05-10 13:55:49,abk
49,714,11,0,2026-05-10 13:55:49,abk
50,429,33,1,2026-05-03 18:22:26,bathco
51,429,34,2,2026-05-03 18:22:26,bathco
52,430,37,0,2026-05-03 18:22:26,bathco
53,430,33,1,2026-05-03 18:22:26,bathco
54,430,34,2,2026-05-03 18:22:26,bathco
55,431,38,0,2026-05-03 18:22:26,bathco
56,431,33,1,2026-05-03 18:22:26,bathco
57,431,34,2,2026-05-03 18:22:26,bathco
58,432,39,0,2026-05-03 18:22:26,bathco
59,432,33,1,2026-05-03 18:22:26,bathco
60,432,34,2,2026-05-03 18:22:26,bathco
61,433,40,0,2026-05-03 18:22:26,bathco
62,433,33,1,2026-05-03 18:22:26,bathco
63,433,34,2,2026-05-03 18:22:26,bathco
64,434,41,0,2026-05-03 18:22:26,bathco
65,434,33,1,2026-05-03 18:22:26,bathco
66,434,34,2,2026-05-03 18:22:26,bathco
67,435,42,0,2026-05-03 18:22:26,bathco
68,435,33,1,2026-05-03 18:22:26,bathco
69,435,34,2,2026-05-03 18:22:26,bathco
70,436,43,0,2026-05-03 18:22:26,bathco
71,436,33,1,2026-05-03 18:22:26,bathco
72,436,34,2,2026-05-03 18:22:26,bathco
73,437,44,0,2026-05-03 18:22:26,bathco
74,437,33,1,2026-05-03 18:22:26,bathco
75,437,34,2,2026-05-03 18:22:26,bathco
76,438,45,0,2026-05-03 18:22:26,bathco
77,438,33,1,2026-05-03 18:22:26,bathco
78,438,34,2,2026-05-03 18:22:26,bathco
79,439,46,0,2026-05-03 18:22:26,bathco
80,439,33,1,2026-05-03 18:22:26,bathco
81,439,34,2,2026-05-03 18:22:26,bathco
82,440,47,0,2026-05-03 18:22:26,bathco
83,440,33,1,2026-05-03 18:22:26,bathco
84,440,34,2,2026-05-03 18:22:26,bathco
85,441,48,0,2026-05-03 18:22:26,bathco
86,441,33,1,2026-05-03 18:22:26,bathco
87,441,34,2,2026-05-03 18:22:26,bathco
88,442,49,0,2026-05-03 18:22:26,bathco
89,442,33,1,2026-05-03 18:22:26,bathco
90,442,34,2,2026-05-03 18:22:26,bathco
91,443,50,0,2026-05-03 18:22:26,bathco
92,443,33,1,2026-05-03 18:22:26,bathco
93,443,34,2,2026-05-03 18:22:26,bathco
94,444,51,0,2026-05-03 18:22:26,bathco
95,444,33,1,2026-05-03 18:22:26,bathco
96,444,34,2,2026-05-03 18:22:26,bathco
97,445,52,0,2026-05-03 18:22:26,bathco
98,445,33,1,2026-05-03 18:22:26,bathco
99,445,34,2,2026-05-03 18:22:26,bathco
100,446,53,0,2026-05-03 18:22:26,bathco
101,446,33,1,2026-05-03 18:22:26,bathco
102,446,34,2,2026-05-03 18:22:26,bathco
103,447,54,0,2026-05-03 18:22:26,bathco
104,447,33,1,2026-05-03 18:22:26,bathco
105,447,34,2,2026-05-03 18:22:26,bathco
106,448,55,0,2026-05-03 18:22:26,bathco
107,448,33,1,2026-05-03 18:22:26,bathco
108,448,34,2,2026-05-03 18:22:26,bathco
109,449,56,0,2026-05-03 18:22:26,bathco
110,449,33,1,2026-05-03 18:22:26,bathco
111,449,34,2,2026-05-03 18:22:26,bathco
112,450,57,0,2026-05-03 18:22:26,bathco
113,450,33,1,2026-05-03 18:22:26,bathco
114,450,34,2,2026-05-03 18:22:26,bathco
115,451,58,0,2026-05-03 18:22:26,bathco
116,451,59,1,2026-05-03 18:22:26,bathco
117,451,34,2,2026-05-03 18:22:26,bathco
118,452,60,0,2026-05-03 18:22:26,bathco
119,452,59,1,2026-05-03 18:22:26,bathco
120,452,34,2,2026-05-03 18:22:26,bathco
121,453,61,0,2026-05-03 18:22:26,bathco
122,453,34,1,2026-05-03 18:22:26,bathco
123,454,62,0,2026-05-03 18:22:26,bathco
124,454,59,1,2026-05-03 18:22:26,bathco
125,454,34,2,2026-05-03 18:22:26,bathco
126,455,63,0,2026-05-03 18:22:26,bathco
127,455,64,1,2026-05-03 18:22:26,bathco
128,455,34,2,2026-05-03 18:22:26,bathco
129,456,65,0,2026-05-03 18:22:26,bathco
130,456,64,1,2026-05-03 18:22:26,bathco
131,456,34,2,2026-05-03 18:22:26,bathco
132,457,66,0,2026-05-03 18:22:26,bathco
133,457,64,1,2026-05-03 18:22:26,bathco
134,457,34,2,2026-05-03 18:22:26,bathco
135,458,67,0,2026-05-03 18:22:26,bathco
136,458,64,1,2026-05-03 18:22:26,bathco
137,458,34,2,2026-05-03 18:22:26,bathco
138,459,68,0,2026-05-03 18:22:26,bathco
139,459,64,1,2026-05-03 18:22:26,bathco
140,459,34,2,2026-05-03 18:22:26,bathco
141,460,69,0,2026-05-03 18:22:26,bathco
142,460,64,1,2026-05-03 18:22:26,bathco
143,460,34,2,2026-05-03 18:22:26,bathco
144,461,70,0,2026-05-03 18:22:26,bathco
145,461,71,1,2026-05-03 18:22:26,bathco
146,461,34,2,2026-05-03 18:22:26,bathco
147,462,72,0,2026-05-03 18:22:26,bathco
148,462,73,1,2026-05-03 18:22:26,bathco
149,462,71,2,2026-05-03 18:22:26,bathco
150,462,34,3,2026-05-03 18:22:26,bathco
151,463,74,0,2026-05-03 18:22:26,bathco
152,463,75,1,2026-05-03 18:22:26,bathco
153,463,34,2,2026-05-03 18:22:26,bathco
154,464,76,0,2026-05-03 18:22:26,bathco
155,464,75,1,2026-05-03 18:22:26,bathco
156,464,34,2,2026-05-03 18:22:26,bathco
157,465,77,0,2026-05-03 18:22:26,bathco
158,465,75,1,2026-05-03 18:22:26,bathco
159,465,34,2,2026-05-03 18:22:26,bathco
160,466,78,0,2026-05-03 18:22:26,bathco
161,466,71,1,2026-05-03 18:22:26,bathco
162,466,34,2,2026-05-03 18:22:26,bathco
163,467,79,0,2026-05-03 18:22:26,bathco
164,467,73,1,2026-05-03 18:22:26,bathco
165,467,71,2,2026-05-03 18:22:26,bathco
166,467,34,3,2026-05-03 18:22:26,bathco
167,468,80,0,2026-05-03 18:22:26,bathco
168,468,73,1,2026-05-03 18:22:26,bathco
169,468,71,2,2026-05-03 18:22:26,bathco
170,468,34,3,2026-05-03 18:22:26,bathco
171,469,81,0,2026-05-03 18:22:26,bathco
172,469,73,1,2026-05-03 18:22:26,bathco
173,469,71,2,2026-05-03 18:22:26,bathco
174,469,34,3,2026-05-03 18:22:26,bathco
175,470,82,0,2026-05-03 18:22:26,bathco
176,470,75,1,2026-05-03 18:22:26,bathco
177,471,83,0,2026-05-03 18:22:26,bathco
178,471,75,1,2026-05-03 18:22:26,bathco
179,472,84,0,2026-05-03 18:22:26,bathco
180,472,75,1,2026-05-03 18:22:26,bathco
181,473,85,0,2026-05-03 18:22:26,bathco
182,473,73,1,2026-05-03 18:22:26,bathco
183,473,71,2,2026-05-03 18:22:26,bathco
184,473,34,3,2026-05-03 18:22:26,bathco
185,474,86,0,2026-05-03 18:22:26,bathco
186,474,75,1,2026-05-03 18:22:26,bathco
187,475,87,0,2026-05-03 18:22:26,bathco
188,475,73,1,2026-05-03 18:22:26,bathco
189,475,71,2,2026-05-03 18:22:26,bathco
190,475,34,3,2026-05-03 18:22:26,bathco
191,476,88,0,2026-05-03 18:22:26,bathco
192,476,89,1,2026-05-03 18:22:26,bathco
193,476,34,2,2026-05-03 18:22:26,bathco
194,477,90,0,2026-05-03 18:22:26,bathco
195,477,91,1,2026-05-03 18:22:26,bathco
196,477,34,2,2026-05-03 18:22:26,bathco
197,478,92,0,2026-05-03 18:22:26,bathco
198,478,91,1,2026-05-03 18:22:26,bathco
199,478,34,2,2026-05-03 18:22:26,bathco
200,479,93,0,2026-05-03 18:22:26,bathco
201,479,34,1,2026-05-03 18:22:26,bathco
202,480,94,0,2026-05-03 18:22:26,bathco
203,480,34,1,2026-05-03 18:22:26,bathco
204,481,95,0,2026-05-03 18:22:26,bathco
205,481,73,1,2026-05-03 18:22:26,bathco
206,481,71,2,2026-05-03 18:22:26,bathco
207,481,34,3,2026-05-03 18:22:26,bathco
208,482,96,0,2026-05-03 18:22:26,bathco
209,482,73,1,2026-05-03 18:22:26,bathco
210,482,97,2,2026-05-03 18:22:26,bathco
211,482,34,3,2026-05-03 18:22:26,bathco
212,483,98,0,2026-05-03 18:22:26,bathco
213,483,73,1,2026-05-03 18:22:26,bathco
214,483,71,2,2026-05-03 18:22:26,bathco
215,483,34,3,2026-05-03 18:22:26,bathco
216,484,99,0,2026-05-03 18:22:26,bathco
217,484,73,1,2026-05-03 18:22:26,bathco
218,484,97,2,2026-05-03 18:22:26,bathco
219,484,34,3,2026-05-03 18:22:26,bathco
220,485,100,0,2026-05-03 18:22:26,bathco
221,485,73,1,2026-05-03 18:22:26,bathco
222,485,97,2,2026-05-03 18:22:26,bathco
223,485,34,3,2026-05-03 18:22:26,bathco
224,486,101,0,2026-05-03 18:22:26,bathco
225,486,73,1,2026-05-03 18:22:26,bathco
226,486,97,2,2026-05-03 18:22:26,bathco
227,486,34,3,2026-05-03 18:22:26,bathco
228,487,102,0,2026-05-03 18:22:26,bathco
229,487,73,1,2026-05-03 18:22:26,bathco
230,487,97,2,2026-05-03 18:22:26,bathco
231,487,34,3,2026-05-03 18:22:26,bathco
232,488,103,0,2026-05-03 18:22:26,bathco
233,488,73,1,2026-05-03 18:22:26,bathco
234,488,97,2,2026-05-03 18:22:26,bathco
235,488,34,3,2026-05-03 18:22:26,bathco
236,489,104,0,2026-05-03 18:22:26,bathco
237,489,64,1,2026-05-03 18:22:26,bathco
238,489,34,2,2026-05-03 18:22:26,bathco
239,490,105,0,2026-05-03 18:22:26,bathco
240,490,73,1,2026-05-03 18:22:26,bathco
241,490,71,2,2026-05-03 18:22:26,bathco
242,490,34,3,2026-05-03 18:22:26,bathco
243,491,106,0,2026-05-03 18:22:26,bathco
244,491,73,1,2026-05-03 18:22:26,bathco
245,491,97,2,2026-05-03 18:22:26,bathco
246,491,34,3,2026-05-03 18:22:26,bathco
247,492,107,0,2026-05-03 18:22:26,bathco
248,492,73,1,2026-05-03 18:22:26,bathco
249,492,97,2,2026-05-03 18:22:26,bathco
250,492,34,3,2026-05-03 18:22:26,bathco
251,493,108,0,2026-05-03 18:22:26,bathco
252,493,73,1,2026-05-03 18:22:26,bathco
253,493,97,2,2026-05-03 18:22:26,bathco
254,493,34,3,2026-05-03 18:22:26,bathco
255,494,109,0,2026-05-03 18:22:26,bathco
256,494,73,1,2026-05-03 18:22:26,bathco
257,494,71,2,2026-05-03 18:22:26,bathco
258,494,34,3,2026-05-03 18:22:26,bathco
259,495,110,0,2026-05-03 18:22:26,bathco
260,495,34,1,2026-05-03 18:22:26,bathco
261,496,111,0,2026-05-03 18:22:26,bathco
262,496,34,1,2026-05-03 18:22:26,bathco
263,497,112,0,2026-05-03 18:22:26,bathco
264,497,34,1,2026-05-03 18:22:26,bathco
265,498,113,0,2026-05-03 18:22:26,bathco
266,498,34,1,2026-05-03 18:22:26,bathco
267,499,114,0,2026-05-03 18:22:26,bathco
268,499,33,1,2026-05-03 18:22:26,bathco
269,499,34,2,2026-05-03 18:22:26,bathco
270,500,115,0,2026-05-03 18:22:26,bathco
271,500,34,1,2026-05-03 18:22:26,bathco
272,501,116,0,2026-05-03 18:22:26,bathco
273,501,73,1,2026-05-03 18:22:26,bathco
274,501,71,2,2026-05-03 18:22:26,bathco
275,501,34,3,2026-05-03 18:22:26,bathco
276,502,117,0,2026-05-03 18:22:26,bathco
277,503,118,0,2026-05-03 18:22:26,bathco
278,503,33,1,2026-05-03 18:22:26,bathco
279,503,34,2,2026-05-03 18:22:26,bathco
280,504,119,0,2026-05-03 18:22:26,bathco
281,504,33,1,2026-05-03 18:22:26,bathco
282,504,34,2,2026-05-03 18:22:26,bathco
283,505,120,0,2026-05-03 18:22:26,bathco
284,505,33,1,2026-05-03 18:22:26,bathco
285,505,34,2,2026-05-03 18:22:26,bathco
286,506,121,0,2026-05-03 18:22:26,bathco
287,506,89,1,2026-05-03 18:22:26,bathco
288,506,34,2,2026-05-03 18:22:26,bathco
289,507,122,0,2026-05-03 18:22:26,bathco
290,507,34,1,2026-05-03 18:22:26,bathco
291,508,123,0,2026-05-03 18:22:26,bathco
292,508,89,1,2026-05-03 18:22:26,bathco
293,508,34,2,2026-05-03 18:22:26,bathco
294,509,124,0,2026-05-03 18:22:26,bathco
295,509,64,1,2026-05-03 18:22:26,bathco
296,509,34,2,2026-05-03 18:22:26,bathco
297,510,125,0,2026-05-03 18:22:26,bathco
298,510,64,1,2026-05-03 18:22:26,bathco
299,510,34,2,2026-05-03 18:22:26,bathco
300,511,126,0,2026-05-03 18:22:26,bathco
301,511,64,1,2026-05-03 18:22:26,bathco
302,511,34,2,2026-05-03 18:22:26,bathco
303,512,127,0,2026-05-03 18:22:26,bathco
304,513,128,0,2026-05-03 18:22:26,bathco
305,514,129,0,2026-05-03 18:22:26,bathco
306,515,130,0,2026-05-03 18:22:26,bathco
307,516,131,0,2026-05-03 18:22:26,bathco
308,517,132,0,2026-05-03 18:22:26,bathco
309,518,133,0,2026-05-03 18:22:26,bathco
310,519,134,0,2026-05-03 18:22:26,bathco
311,520,135,0,2026-05-03 18:22:26,bathco
312,521,136,0,2026-05-03 18:22:26,bathco
313,522,137,0,2026-05-03 18:22:26,bathco
314,523,138,0,2026-05-03 18:22:26,bathco
315,524,139,0,2026-05-03 18:22:26,bathco
316,525,140,0,2026-05-03 18:22:26,bathco
317,526,141,0,2026-05-03 18:22:26,bathco
318,400,211,0,2026-05-03 18:22:26,bathco
319,900,212,0,2026-05-10 14:32:50,casalgrande padana
320,1000,213,0,2026-05-10 14:35:51,euval
321,1100,214,0,2026-05-10 14:39:26,fantini sanitare
322,1200,215,0,2026-05-10 14:44:20,fir italia
323,800,216,0,2026-05-03 18:25:32,fondovalle ceramice
324,1806,217,0,2026-05-03 18:23:18,grandinetti
325,1300,218,0,2026-05-10 14:49:15,gsg sanitare
326,1400,219,0,2026-05-10 14:52:15,more mobilier
327,87,220,0,2026-05-03 18:25:26,omnia
328,1500,221,0,2026-05-10 14:54:34,rosa splendiani mobilier
329,401,222,0,2026-05-03 18:22:26,bathco
330,900,223,1,2026-05-10 14:32:50,casalgrande padana
331,1000,224,1,2026-05-10 14:35:51,euval
332,1100,225,1,2026-05-10 14:39:26,fantini sanitare
333,1200,226,1,2026-05-10 14:44:20,fir italia
334,801,216,0,2026-05-03 18:25:32,fondovalle ceramice
335,1806,228,1,2026-05-03 18:23:18,grandinetti
336,1301,229,0,2026-05-10 14:49:15,gsg sanitare
337,1401,230,0,2026-05-10 14:52:15,more mobilier
338,88,220,0,2026-05-03 18:25:26,omnia
339,1501,232,0,2026-05-10 14:54:34,rosa splendiani mobilier
340,402,233,0,2026-05-03 18:22:26,bathco
341,900,234,2,2026-05-10 14:32:50,casalgrande padana
342,1001,235,0,2026-05-10 14:35:51,euval
343,1100,236,2,2026-05-10 14:39:26,fantini sanitare
344,1200,237,2,2026-05-10 14:44:20,fir italia
345,802,216,0,2026-05-03 18:25:32,fondovalle ceramice
346,1807,239,0,2026-05-03 18:23:18,grandinetti
347,1302,240,0,2026-05-10 14:49:15,gsg sanitare
348,1402,241,0,2026-05-10 14:52:15,more mobilier
349,89,220,0,2026-05-03 18:25:26,omnia
350,1504,243,0,2026-05-10 14:54:34,rosa splendiani mobilier
351,403,244,0,2026-05-03 18:22:26,bathco
352,900,245,3,2026-05-10 14:32:50,casalgrande padana
353,1001,224,1,2026-05-10 14:35:51,euval
354,1100,247,3,2026-05-10 14:39:26,fantini sanitare
355,1200,248,3,2026-05-10 14:44:20,fir italia
356,803,216,0,2026-05-03 18:25:32,fondovalle ceramice
357,1807,228,1,2026-05-03 18:23:18,grandinetti
358,1303,251,0,2026-05-10 14:49:15,gsg sanitare
359,1403,252,0,2026-05-10 14:52:15,more mobilier
360,90,220,0,2026-05-03 18:25:26,omnia
361,1505,254,0,2026-05-10 14:54:34,rosa splendiani mobilier
362,404,255,0,2026-05-03 18:22:26,bathco
363,901,212,0,2026-05-10 14:32:50,casalgrande padana
364,1002,246,0,2026-05-10 14:35:51,euval
365,1100,258,4,2026-05-10 14:39:26,fantini sanitare
366,1200,259,4,2026-05-10 14:44:20,fir italia
367,804,216,0,2026-05-03 18:25:32,fondovalle ceramice
368,1808,250,0,2026-05-03 18:23:18,grandinetti
369,1304,262,0,2026-05-10 14:49:15,gsg sanitare
370,1404,263,0,2026-05-10 14:52:15,more mobilier
371,91,231,0,2026-05-03 18:25:26,omnia
372,1510,265,0,2026-05-10 14:54:34,rosa splendiani mobilier
373,405,266,0,2026-05-03 18:22:26,bathco
374,901,223,1,2026-05-10 14:32:50,casalgrande padana
375,1002,224,1,2026-05-10 14:35:51,euval
376,1100,269,5,2026-05-10 14:39:26,fantini sanitare
377,1201,270,0,2026-05-10 14:44:20,fir italia
378,805,227,0,2026-05-03 18:25:32,fondovalle ceramice
379,1808,228,1,2026-05-03 18:23:18,grandinetti
380,1305,273,0,2026-05-10 14:49:15,gsg sanitare
381,1405,274,0,2026-05-10 14:52:15,more mobilier
382,92,231,0,2026-05-03 18:25:26,omnia
383,1514,232,0,2026-05-10 14:54:34,rosa splendiani mobilier
384,406,275,0,2026-05-03 18:22:26,bathco
385,901,234,2,2026-05-10 14:32:50,casalgrande padana
386,1003,257,0,2026-05-10 14:35:51,euval
387,1101,278,0,2026-05-10 14:39:26,fantini sanitare
388,1201,279,1,2026-05-10 14:44:20,fir italia
389,806,227,0,2026-05-03 18:25:32,fondovalle ceramice
390,1809,261,0,2026-05-03 18:23:18,grandinetti
391,1306,282,0,2026-05-10 14:49:15,gsg sanitare
392,1406,283,0,2026-05-10 14:52:15,more mobilier
393,93,231,0,2026-05-03 18:25:26,omnia
394,407,284,0,2026-05-03 18:22:26,bathco
395,901,245,3,2026-05-10 14:32:50,casalgrande padana
396,1003,224,1,2026-05-10 14:35:51,euval
397,1101,287,1,2026-05-10 14:39:26,fantini sanitare
398,1201,237,2,2026-05-10 14:44:20,fir italia
399,807,227,0,2026-05-03 18:25:32,fondovalle ceramice
400,1809,228,1,2026-05-03 18:23:18,grandinetti
401,1307,291,0,2026-05-10 14:49:15,gsg sanitare
402,1407,292,0,2026-05-10 14:52:15,more mobilier
403,94,231,0,2026-05-03 18:25:26,omnia
404,408,293,0,2026-05-03 18:22:26,bathco
405,902,212,0,2026-05-10 14:32:50,casalgrande padana
406,1004,268,0,2026-05-10 14:35:51,euval
407,1101,296,2,2026-05-10 14:39:26,fantini sanitare
408,1201,248,3,2026-05-10 14:44:20,fir italia
409,808,227,0,2026-05-03 18:25:32,fondovalle ceramice
410,1810,272,0,2026-05-03 18:23:18,grandinetti
411,1308,300,0,2026-05-10 14:49:15,gsg sanitare
412,1408,301,0,2026-05-10 14:52:15,more mobilier
413,95,231,0,2026-05-03 18:25:26,omnia
414,409,302,0,2026-05-03 18:22:26,bathco
415,902,223,1,2026-05-10 14:32:50,casalgrande padana
416,1004,224,1,2026-05-10 14:35:51,euval
417,1101,305,3,2026-05-10 14:39:26,fantini sanitare
418,1201,259,4,2026-05-10 14:44:20,fir italia
419,809,227,0,2026-05-03 18:25:32,fondovalle ceramice
420,1810,228,1,2026-05-03 18:23:18,grandinetti
421,1309,309,0,2026-05-10 14:49:15,gsg sanitare
422,1409,310,0,2026-05-10 14:52:15,more mobilier
423,96,242,0,2026-05-03 18:25:26,omnia
424,410,311,0,2026-05-03 18:22:26,bathco
425,902,234,2,2026-05-10 14:32:50,casalgrande padana
426,1005,277,0,2026-05-10 14:35:51,euval
427,1101,258,4,2026-05-10 14:39:26,fantini sanitare
428,1202,288,0,2026-05-10 14:44:20,fir italia
429,810,227,0,2026-05-03 18:25:32,fondovalle ceramice
430,1811,281,0,2026-05-03 18:23:18,grandinetti
431,1310,318,0,2026-05-10 14:49:15,gsg sanitare
432,1410,319,0,2026-05-10 14:52:15,more mobilier
433,97,242,0,2026-05-03 18:25:26,omnia
434,411,12,0,2026-05-03 18:22:26,bathco
435,902,245,3,2026-05-10 14:32:50,casalgrande padana
436,1005,224,1,2026-05-10 14:35:51,euval
437,1101,269,5,2026-05-10 14:39:26,fantini sanitare
438,1202,297,1,2026-05-10 14:44:20,fir italia
439,811,227,0,2026-05-03 18:25:32,fondovalle ceramice
440,1811,228,1,2026-05-03 18:23:18,grandinetti
441,1310,326,1,2026-05-10 14:49:15,gsg sanitare
442,1411,327,0,2026-05-10 14:52:15,more mobilier
443,98,242,0,2026-05-03 18:25:26,omnia
444,412,13,0,2026-05-03 18:22:26,bathco
445,903,212,0,2026-05-10 14:32:50,casalgrande padana
446,1006,286,0,2026-05-10 14:35:51,euval
447,1102,314,0,2026-05-10 14:39:26,fantini sanitare
448,1202,248,2,2026-05-10 14:44:20,fir italia
449,812,238,0,2026-05-03 18:25:32,fondovalle ceramice
450,1812,290,0,2026-05-03 18:23:18,grandinetti
451,1310,334,2,2026-05-10 14:49:15,gsg sanitare
452,1412,335,0,2026-05-10 14:52:15,more mobilier
453,99,242,0,2026-05-03 18:25:26,omnia
454,413,14,0,2026-05-03 18:22:26,bathco
455,903,223,1,2026-05-10 14:32:50,casalgrande padana
456,1006,224,1,2026-05-10 14:35:51,euval
457,1102,322,1,2026-05-10 14:39:26,fantini sanitare
458,1202,259,3,2026-05-10 14:44:20,fir italia
459,813,238,0,2026-05-03 18:25:32,fondovalle ceramice
460,1812,228,1,2026-05-03 18:23:18,grandinetti
461,1311,341,0,2026-05-10 14:49:15,gsg sanitare
462,1413,342,0,2026-05-10 14:52:15,more mobilier
463,100,242,0,2026-05-03 18:25:26,omnia
464,414,15,0,2026-05-03 18:22:26,bathco
465,903,234,2,2026-05-10 14:32:50,casalgrande padana
466,1007,295,0,2026-05-10 14:35:51,euval
467,1102,330,2,2026-05-10 14:39:26,fantini sanitare
468,1203,306,0,2026-05-10 14:44:20,fir italia
469,814,238,0,2026-05-03 18:25:32,fondovalle ceramice
470,1813,299,0,2026-05-03 18:23:18,grandinetti
471,1311,348,1,2026-05-10 14:49:15,gsg sanitare
472,1414,349,0,2026-05-10 14:52:15,more mobilier
473,106,253,0,2026-05-03 18:25:26,omnia
474,415,16,0,2026-05-03 18:22:26,bathco
475,903,245,3,2026-05-10 14:32:50,casalgrande padana
476,1007,224,1,2026-05-10 14:35:51,euval
477,1102,338,3,2026-05-10 14:39:26,fantini sanitare
478,1203,315,1,2026-05-10 14:44:20,fir italia
479,815,238,0,2026-05-03 18:25:32,fondovalle ceramice
480,1813,228,1,2026-05-03 18:23:18,grandinetti
481,1311,355,2,2026-05-10 14:49:15,gsg sanitare
482,1415,356,0,2026-05-10 14:52:15,more mobilier
483,107,253,0,2026-05-03 18:25:26,omnia
484,416,17,0,2026-05-03 18:22:26,bathco
485,904,256,0,2026-05-10 14:32:50,casalgrande padana
486,1008,304,0,2026-05-10 14:35:51,euval
487,1102,345,4,2026-05-10 14:39:26,fantini sanitare
488,1203,248,2,2026-05-10 14:44:20,fir italia
489,816,238,0,2026-05-03 18:25:32,fondovalle ceramice
490,1814,308,0,2026-05-03 18:23:18,grandinetti
491,1312,362,0,2026-05-10 14:49:15,gsg sanitare
492,108,253,0,2026-05-03 18:25:26,omnia
493,417,18,0,2026-05-03 18:22:26,bathco
494,904,267,1,2026-05-10 14:32:50,casalgrande padana
495,1008,224,1,2026-05-10 14:35:51,euval
496,1102,258,5,2026-05-10 14:39:26,fantini sanitare
497,1203,259,3,2026-05-10 14:44:20,fir italia
498,817,249,0,2026-05-03 18:25:32,fondovalle ceramice
499,1814,228,1,2026-05-03 18:23:18,grandinetti
500,1312,368,1,2026-05-10 14:49:15,gsg sanitare
501,109,253,0,2026-05-03 18:25:26,omnia
502,417,19,1,2026-05-03 18:22:26,bathco
503,904,276,2,2026-05-10 14:32:50,casalgrande padana
504,1009,313,0,2026-05-10 14:35:51,euval
505,1102,269,6,2026-05-10 14:39:26,fantini sanitare
506,1204,323,0,2026-05-10 14:44:20,fir italia
507,818,249,0,2026-05-03 18:25:32,fondovalle ceramice
508,1815,317,0,2026-05-03 18:23:18,grandinetti
509,1313,374,0,2026-05-10 14:49:15,gsg sanitare
510,110,253,0,2026-05-03 18:25:26,omnia
511,417,20,2,2026-05-03 18:22:26,bathco
512,904,285,3,2026-05-10 14:32:50,casalgrande padana
513,1009,224,1,2026-05-10 14:35:51,euval
514,1103,352,0,2026-05-10 14:39:26,fantini sanitare
515,1204,331,1,2026-05-10 14:44:20,fir italia
516,819,249,0,2026-05-03 18:25:32,fondovalle ceramice
517,1815,228,1,2026-05-03 18:23:18,grandinetti
518,1313,380,1,2026-05-10 14:49:15,gsg sanitare
519,111,264,0,2026-05-03 18:25:26,omnia
520,418,21,0,2026-05-03 18:22:26,bathco
521,905,256,0,2026-05-10 14:32:50,casalgrande padana
522,1010,321,0,2026-05-10 14:35:51,euval
523,1103,359,1,2026-05-10 14:39:26,fantini sanitare
524,1204,339,2,2026-05-10 14:44:20,fir italia
525,820,249,0,2026-05-03 18:25:32,fondovalle ceramice
526,1816,325,0,2026-05-03 18:23:18,grandinetti
527,1314,386,0,2026-05-10 14:49:15,gsg sanitare
528,112,264,0,2026-05-03 18:25:26,omnia
529,418,19,1,2026-05-03 18:22:26,bathco
530,905,267,1,2026-05-10 14:32:50,casalgrande padana
531,1010,329,1,2026-05-10 14:35:51,euval
532,1103,365,2,2026-05-10 14:39:26,fantini sanitare
533,1204,248,3,2026-05-10 14:44:20,fir italia
534,821,249,0,2026-05-03 18:25:32,fondovalle ceramice
535,1816,228,1,2026-05-03 18:23:18,grandinetti
536,1315,392,0,2026-05-10 14:49:15,gsg sanitare
537,113,264,0,2026-05-03 18:25:26,omnia
538,418,20,2,2026-05-03 18:22:26,bathco
539,905,276,2,2026-05-10 14:32:50,casalgrande padana
540,1011,337,0,2026-05-10 14:35:51,euval
541,1103,371,3,2026-05-10 14:39:26,fantini sanitare
542,1204,259,4,2026-05-10 14:44:20,fir italia
543,822,249,0,2026-05-03 18:25:32,fondovalle ceramice
544,1817,333,0,2026-05-03 18:23:18,grandinetti
545,1316,398,0,2026-05-10 14:49:15,gsg sanitare
546,114,264,0,2026-05-03 18:25:26,omnia
547,419,22,0,2026-05-03 18:22:26,bathco
548,905,285,3,2026-05-10 14:32:50,casalgrande padana
549,1011,224,1,2026-05-10 14:35:51,euval
550,1103,377,4,2026-05-10 14:39:26,fantini sanitare
551,1205,346,0,2026-05-10 14:44:20,fir italia
552,823,249,0,2026-05-03 18:25:32,fondovalle ceramice
553,1817,228,1,2026-05-03 18:23:18,grandinetti
554,1317,404,0,2026-05-10 14:49:15,gsg sanitare
555,115,264,0,2026-05-03 18:25:26,omnia
556,419,19,1,2026-05-03 18:22:26,bathco
557,906,256,0,2026-05-10 14:32:50,casalgrande padana
558,1012,344,0,2026-05-10 14:35:51,euval
559,1103,258,5,2026-05-10 14:39:26,fantini sanitare
560,1205,353,1,2026-05-10 14:44:20,fir italia
561,824,249,0,2026-05-03 18:25:32,fondovalle ceramice
562,1818,228,0,2026-05-03 18:23:18,grandinetti
563,1318,410,0,2026-05-10 14:49:15,gsg sanitare
564,116,264,0,2026-05-03 18:25:26,omnia
565,419,20,2,2026-05-03 18:22:26,bathco
566,906,267,1,2026-05-10 14:32:50,casalgrande padana
567,1012,224,1,2026-05-10 14:35:51,euval
568,1103,269,6,2026-05-10 14:39:26,fantini sanitare
569,1205,248,2,2026-05-10 14:44:20,fir italia
570,825,249,0,2026-05-03 18:25:32,fondovalle ceramice
571,1819,228,0,2026-05-03 18:23:18,grandinetti
572,1318,415,1,2026-05-10 14:49:15,gsg sanitare
573,117,264,0,2026-05-03 18:25:26,omnia
574,420,23,0,2026-05-03 18:22:26,bathco
575,906,276,2,2026-05-10 14:32:50,casalgrande padana
576,1013,351,0,2026-05-10 14:35:51,euval
577,1104,383,0,2026-05-10 14:39:26,fantini sanitare
578,1205,259,3,2026-05-10 14:44:20,fir italia
579,826,249,0,2026-05-03 18:25:32,fondovalle ceramice
580,1820,228,0,2026-05-03 18:23:18,grandinetti
581,1319,420,0,2026-05-10 14:49:15,gsg sanitare
582,420,19,1,2026-05-03 18:22:26,bathco
583,906,285,3,2026-05-10 14:32:50,casalgrande padana
584,1013,224,1,2026-05-10 14:35:51,euval
585,1104,389,1,2026-05-10 14:39:26,fantini sanitare
586,1206,360,0,2026-05-10 14:44:20,fir italia
587,827,249,0,2026-05-03 18:25:32,fondovalle ceramice
588,1821,228,0,2026-05-03 18:23:18,grandinetti
589,1319,326,1,2026-05-10 14:49:15,gsg sanitare
590,420,24,2,2026-05-03 18:22:26,bathco
591,907,256,0,2026-05-10 14:32:50,casalgrande padana
592,1014,358,0,2026-05-10 14:35:51,euval
593,1104,395,2,2026-05-10 14:39:26,fantini sanitare
594,1206,366,1,2026-05-10 14:44:20,fir italia
595,828,249,0,2026-05-03 18:25:32,fondovalle ceramice
596,1822,228,0,2026-05-03 18:23:18,grandinetti
597,1319,425,2,2026-05-10 14:49:15,gsg sanitare
598,421,25,0,2026-05-03 18:22:26,bathco
599,907,267,1,2026-05-10 14:32:50,casalgrande padana
600,1014,224,1,2026-05-10 14:35:51,euval
601,1104,401,3,2026-05-10 14:39:26,fantini sanitare
602,1206,372,2,2026-05-10 14:44:20,fir italia
603,829,249,0,2026-05-03 18:25:32,fondovalle ceramice
604,1823,228,0,2026-05-03 18:23:18,grandinetti
605,1320,429,0,2026-05-10 14:49:15,gsg sanitare
606,421,19,1,2026-05-03 18:22:26,bathco
607,907,276,2,2026-05-10 14:32:50,casalgrande padana
608,1015,364,0,2026-05-10 14:35:51,euval
609,1104,258,4,2026-05-10 14:39:26,fantini sanitare
610,1206,248,3,2026-05-10 14:44:20,fir italia
611,830,249,0,2026-05-03 18:25:32,fondovalle ceramice
612,1824,228,0,2026-05-03 18:23:18,grandinetti
613,1320,433,1,2026-05-10 14:49:15,gsg sanitare
614,421,24,2,2026-05-03 18:22:26,bathco
615,907,285,3,2026-05-10 14:32:50,casalgrande padana
616,1015,224,1,2026-05-10 14:35:51,euval
617,1104,269,5,2026-05-10 14:39:26,fantini sanitare
618,1206,259,4,2026-05-10 14:44:20,fir italia
619,831,249,0,2026-05-03 18:25:32,fondovalle ceramice
620,1825,340,0,2026-05-03 18:23:18,grandinetti
621,1320,437,2,2026-05-10 14:49:15,gsg sanitare
622,422,26,0,2026-05-03 18:22:26,bathco
623,908,256,0,2026-05-10 14:32:50,casalgrande padana
624,1016,370,0,2026-05-10 14:35:51,euval
625,1105,407,0,2026-05-10 14:39:26,fantini sanitare
626,1207,378,0,2026-05-10 14:44:20,fir italia
627,832,249,0,2026-05-03 18:25:32,fondovalle ceramice
628,1825,228,1,2026-05-03 18:23:18,grandinetti
629,1321,441,0,2026-05-10 14:49:15,gsg sanitare
630,422,27,1,2026-05-03 18:22:26,bathco
631,908,267,1,2026-05-10 14:32:50,casalgrande padana
632,1016,224,1,2026-05-10 14:35:51,euval
633,1105,412,1,2026-05-10 14:39:26,fantini sanitare
634,1207,384,1,2026-05-10 14:44:20,fir italia
635,833,249,0,2026-05-03 18:25:32,fondovalle ceramice
636,1826,340,0,2026-05-03 18:23:18,grandinetti
637,1321,445,1,2026-05-10 14:49:15,gsg sanitare
638,423,28,0,2026-05-03 18:22:26,bathco
639,908,276,2,2026-05-10 14:32:50,casalgrande padana
640,1017,376,0,2026-05-10 14:35:51,euval
641,1105,417,2,2026-05-10 14:39:26,fantini sanitare
642,1207,248,2,2026-05-10 14:44:20,fir italia
643,834,249,0,2026-05-03 18:25:32,fondovalle ceramice
644,1826,228,1,2026-05-03 18:23:18,grandinetti
645,1322,449,0,2026-05-10 14:49:15,gsg sanitare
646,423,27,1,2026-05-03 18:22:26,bathco
647,908,285,3,2026-05-10 14:32:50,casalgrande padana
648,1017,224,1,2026-05-10 14:35:51,euval
649,1105,422,3,2026-05-10 14:39:26,fantini sanitare
650,1207,259,3,2026-05-10 14:44:20,fir italia
651,835,249,0,2026-05-03 18:25:32,fondovalle ceramice
652,1827,340,0,2026-05-03 18:23:18,grandinetti
653,1322,380,1,2026-05-10 14:49:15,gsg sanitare
654,424,29,0,2026-05-03 18:22:26,bathco
655,909,294,0,2026-05-10 14:32:50,casalgrande padana
656,1018,382,0,2026-05-10 14:35:51,euval
657,1105,427,4,2026-05-10 14:39:26,fantini sanitare
658,1208,390,0,2026-05-10 14:44:20,fir italia
659,836,249,0,2026-05-03 18:25:32,fondovalle ceramice
660,1827,228,1,2026-05-03 18:23:18,grandinetti
661,1323,453,0,2026-05-10 14:49:15,gsg sanitare
662,424,27,1,2026-05-03 18:22:26,bathco
663,909,303,1,2026-05-10 14:32:50,casalgrande padana
664,1018,224,1,2026-05-10 14:35:51,euval
665,1105,258,5,2026-05-10 14:39:26,fantini sanitare
666,1208,396,1,2026-05-10 14:44:20,fir italia
667,837,249,0,2026-05-03 18:25:32,fondovalle ceramice
668,1828,340,0,2026-05-03 18:23:18,grandinetti
669,1323,457,1,2026-05-10 14:49:15,gsg sanitare
670,425,30,0,2026-05-03 18:22:26,bathco
671,909,312,2,2026-05-10 14:32:50,casalgrande padana
672,1019,388,0,2026-05-10 14:35:51,euval
673,1105,269,6,2026-05-10 14:39:26,fantini sanitare
674,1208,402,2,2026-05-10 14:44:20,fir italia
675,838,249,0,2026-05-03 18:25:32,fondovalle ceramice
676,1828,228,1,2026-05-03 18:23:18,grandinetti
677,1323,461,2,2026-05-10 14:49:15,gsg sanitare
678,425,27,1,2026-05-03 18:22:26,bathco
679,909,320,3,2026-05-10 14:32:50,casalgrande padana
680,1019,224,1,2026-05-10 14:35:51,euval
681,1106,431,0,2026-05-10 14:39:26,fantini sanitare
682,1208,248,3,2026-05-10 14:44:20,fir italia
683,839,249,0,2026-05-03 18:25:32,fondovalle ceramice
684,1829,340,0,2026-05-03 18:23:18,grandinetti
685,1324,465,0,2026-05-10 14:49:15,gsg sanitare
686,426,31,0,2026-05-03 18:22:26,bathco
687,910,294,0,2026-05-10 14:32:50,casalgrande padana
688,1020,394,0,2026-05-10 14:35:51,euval
689,1106,435,1,2026-05-10 14:39:26,fantini sanitare
690,1208,259,4,2026-05-10 14:44:20,fir italia
691,840,260,0,2026-05-03 18:25:32,fondovalle ceramice
692,1829,228,1,2026-05-03 18:23:18,grandinetti
693,1324,469,1,2026-05-10 14:49:15,gsg sanitare
694,426,27,1,2026-05-03 18:22:26,bathco
695,910,303,1,2026-05-10 14:32:50,casalgrande padana
696,1020,224,1,2026-05-10 14:35:51,euval
697,1106,258,2,2026-05-10 14:39:26,fantini sanitare
698,1209,408,0,2026-05-10 14:44:20,fir italia
699,841,260,0,2026-05-03 18:25:32,fondovalle ceramice
700,1830,347,0,2026-05-03 18:23:18,grandinetti
701,1324,473,2,2026-05-10 14:49:15,gsg sanitare
702,427,32,0,2026-05-03 18:22:26,bathco
703,910,312,2,2026-05-10 14:32:50,casalgrande padana
704,1021,400,0,2026-05-10 14:35:51,euval
705,1106,269,3,2026-05-10 14:39:26,fantini sanitare
706,1209,413,1,2026-05-10 14:44:20,fir italia
707,842,260,0,2026-05-03 18:25:32,fondovalle ceramice
708,1830,228,1,2026-05-03 18:23:18,grandinetti
709,1325,476,0,2026-05-10 14:49:15,gsg sanitare
710,427,33,1,2026-05-03 18:22:26,bathco
711,910,320,3,2026-05-10 14:32:50,casalgrande padana
712,1021,224,1,2026-05-10 14:35:51,euval
713,1107,439,0,2026-05-10 14:39:26,fantini sanitare
714,1209,248,2,2026-05-10 14:44:20,fir italia
715,843,260,0,2026-05-03 18:25:32,fondovalle ceramice
716,1831,354,0,2026-05-03 18:23:18,grandinetti
717,1325,415,1,2026-05-10 14:49:15,gsg sanitare
718,427,34,2,2026-05-03 18:22:26,bathco
719,911,294,0,2026-05-10 14:32:50,casalgrande padana
720,1022,406,0,2026-05-10 14:35:51,euval
721,1107,443,1,2026-05-10 14:39:26,fantini sanitare
722,1209,259,3,2026-05-10 14:44:20,fir italia
723,844,260,0,2026-05-03 18:25:32,fondovalle ceramice
724,1831,228,1,2026-05-03 18:23:18,grandinetti
725,1326,479,0,2026-05-10 14:49:15,gsg sanitare
726,428,35,0,2026-05-03 18:22:26,bathco
727,911,303,1,2026-05-10 14:32:50,casalgrande padana
728,1022,224,1,2026-05-10 14:35:51,euval
729,1107,447,2,2026-05-10 14:39:26,fantini sanitare
730,1210,418,0,2026-05-10 14:44:20,fir italia
731,845,260,0,2026-05-03 18:25:32,fondovalle ceramice
732,1832,361,0,2026-05-03 18:23:18,grandinetti
733,1326,415,1,2026-05-10 14:49:15,gsg sanitare
734,428,33,1,2026-05-03 18:22:26,bathco
735,911,312,2,2026-05-10 14:32:50,casalgrande padana
736,1107,451,3,2026-05-10 14:39:26,fantini sanitare
737,1210,423,1,2026-05-10 14:44:20,fir italia
738,846,271,0,2026-05-03 18:25:32,fondovalle ceramice
739,1832,228,1,2026-05-03 18:23:18,grandinetti
740,428,34,2,2026-05-03 18:22:26,bathco
741,911,320,3,2026-05-10 14:32:50,casalgrande padana
742,1107,455,4,2026-05-10 14:39:26,fantini sanitare
743,1210,248,2,2026-05-10 14:44:20,fir italia
744,847,271,0,2026-05-03 18:25:32,fondovalle ceramice
745,527,228,0,2026-05-03 18:23:18,grandinetti
746,429,36,0,2026-05-03 18:22:26,bathco
747,912,294,0,2026-05-10 14:32:50,casalgrande padana
748,1107,258,5,2026-05-10 14:39:26,fantini sanitare
749,1210,259,3,2026-05-10 14:44:20,fir italia
750,848,271,0,2026-05-03 18:25:32,fondovalle ceramice
751,528,228,0,2026-05-03 18:23:18,grandinetti
752,912,303,1,2026-05-10 14:32:50,casalgrande padana
753,1107,269,6,2026-05-10 14:39:26,fantini sanitare
754,849,271,0,2026-05-03 18:25:32,fondovalle ceramice
755,529,228,0,2026-05-03 18:23:18,grandinetti
756,912,312,2,2026-05-10 14:32:50,casalgrande padana
757,1108,459,0,2026-05-10 14:39:26,fantini sanitare
758,850,271,0,2026-05-03 18:25:32,fondovalle ceramice
759,530,228,0,2026-05-03 18:23:18,grandinetti
760,912,320,3,2026-05-10 14:32:50,casalgrande padana
761,1108,463,1,2026-05-10 14:39:26,fantini sanitare
762,851,271,0,2026-05-03 18:25:32,fondovalle ceramice
763,531,228,0,2026-05-03 18:23:18,grandinetti
764,913,294,0,2026-05-10 14:32:50,casalgrande padana
765,1108,467,2,2026-05-10 14:39:26,fantini sanitare
766,852,280,0,2026-05-03 18:25:32,fondovalle ceramice
767,532,228,0,2026-05-03 18:23:18,grandinetti
768,913,303,1,2026-05-10 14:32:50,casalgrande padana
769,1108,471,3,2026-05-10 14:39:26,fantini sanitare
770,853,280,0,2026-05-03 18:25:32,fondovalle ceramice
771,533,228,0,2026-05-03 18:23:18,grandinetti
772,913,312,2,2026-05-10 14:32:50,casalgrande padana
773,1108,474,4,2026-05-10 14:39:26,fantini sanitare
774,854,280,0,2026-05-03 18:25:32,fondovalle ceramice
775,534,228,0,2026-05-03 18:23:18,grandinetti
776,913,320,3,2026-05-10 14:32:50,casalgrande padana
777,1108,258,5,2026-05-10 14:39:26,fantini sanitare
778,855,289,0,2026-05-03 18:25:32,fondovalle ceramice
779,535,228,0,2026-05-03 18:23:18,grandinetti
780,914,328,0,2026-05-10 14:32:50,casalgrande padana
781,1108,269,6,2026-05-10 14:39:26,fantini sanitare
782,856,289,0,2026-05-03 18:25:32,fondovalle ceramice
783,536,228,0,2026-05-03 18:23:18,grandinetti
784,914,336,1,2026-05-10 14:32:50,casalgrande padana
785,1109,477,0,2026-05-10 14:39:26,fantini sanitare
786,857,289,0,2026-05-03 18:25:32,fondovalle ceramice
787,537,347,0,2026-05-03 18:23:18,grandinetti
788,914,343,2,2026-05-10 14:32:50,casalgrande padana
789,1109,480,1,2026-05-10 14:39:26,fantini sanitare
790,858,298,0,2026-05-03 18:25:32,fondovalle ceramice
791,537,228,1,2026-05-03 18:23:18,grandinetti
792,914,350,3,2026-05-10 14:32:50,casalgrande padana
793,1109,481,2,2026-05-10 14:39:26,fantini sanitare
794,859,298,0,2026-05-03 18:25:32,fondovalle ceramice
795,538,367,0,2026-05-03 18:23:18,grandinetti
796,915,328,0,2026-05-10 14:32:50,casalgrande padana
797,1109,482,3,2026-05-10 14:39:26,fantini sanitare
798,860,298,0,2026-05-03 18:25:32,fondovalle ceramice
799,538,228,1,2026-05-03 18:23:18,grandinetti
800,915,336,1,2026-05-10 14:32:50,casalgrande padana
801,1110,483,0,2026-05-10 14:39:26,fantini sanitare
802,861,298,0,2026-05-03 18:25:32,fondovalle ceramice
803,539,361,0,2026-05-03 18:23:18,grandinetti
804,915,343,2,2026-05-10 14:32:50,casalgrande padana
805,1110,484,1,2026-05-10 14:39:26,fantini sanitare
806,862,307,0,2026-05-03 18:25:32,fondovalle ceramice
807,539,228,1,2026-05-03 18:23:18,grandinetti
808,915,350,3,2026-05-10 14:32:50,casalgrande padana
809,1110,485,2,2026-05-10 14:39:26,fantini sanitare
810,863,307,0,2026-05-03 18:25:32,fondovalle ceramice
811,540,373,0,2026-05-03 18:23:18,grandinetti
812,916,328,0,2026-05-10 14:32:50,casalgrande padana
813,1110,486,3,2026-05-10 14:39:26,fantini sanitare
814,864,307,0,2026-05-03 18:25:32,fondovalle ceramice
815,540,228,1,2026-05-03 18:23:18,grandinetti
816,916,336,1,2026-05-10 14:32:50,casalgrande padana
817,1110,487,4,2026-05-10 14:39:26,fantini sanitare
818,865,307,0,2026-05-03 18:25:32,fondovalle ceramice
819,541,379,0,2026-05-03 18:23:18,grandinetti
820,916,343,2,2026-05-10 14:32:50,casalgrande padana
821,1111,488,0,2026-05-10 14:39:26,fantini sanitare
822,866,316,0,2026-05-03 18:25:32,fondovalle ceramice
823,541,228,1,2026-05-03 18:23:18,grandinetti
824,916,350,3,2026-05-10 14:32:50,casalgrande padana
825,1111,489,1,2026-05-10 14:39:26,fantini sanitare
826,867,316,0,2026-05-03 18:25:32,fondovalle ceramice
827,542,385,0,2026-05-03 18:23:18,grandinetti
828,917,328,0,2026-05-10 14:32:50,casalgrande padana
829,1112,490,0,2026-05-10 14:39:26,fantini sanitare
830,868,324,0,2026-05-03 18:25:32,fondovalle ceramice
831,542,228,1,2026-05-03 18:23:18,grandinetti
832,917,336,1,2026-05-10 14:32:50,casalgrande padana
833,1112,491,1,2026-05-10 14:39:26,fantini sanitare
834,869,324,0,2026-05-03 18:25:32,fondovalle ceramice
835,543,391,0,2026-05-03 18:23:18,grandinetti
836,917,343,2,2026-05-10 14:32:50,casalgrande padana
837,1112,492,2,2026-05-10 14:39:26,fantini sanitare
838,870,324,0,2026-05-03 18:25:32,fondovalle ceramice
839,543,228,1,2026-05-03 18:23:18,grandinetti
840,917,350,3,2026-05-10 14:32:50,casalgrande padana
841,1112,493,3,2026-05-10 14:39:26,fantini sanitare
842,871,324,0,2026-05-03 18:25:32,fondovalle ceramice
843,544,397,0,2026-05-03 18:23:18,grandinetti
844,918,357,0,2026-05-10 14:32:50,casalgrande padana
845,1113,494,0,2026-05-10 14:39:26,fantini sanitare
846,872,332,0,2026-05-03 18:25:32,fondovalle ceramice
847,544,228,1,2026-05-03 18:23:18,grandinetti
848,918,363,1,2026-05-10 14:32:50,casalgrande padana
849,1113,495,1,2026-05-10 14:39:26,fantini sanitare
850,873,332,0,2026-05-03 18:25:32,fondovalle ceramice
851,545,228,0,2026-05-03 18:23:18,grandinetti
852,918,369,2,2026-05-10 14:32:50,casalgrande padana
853,1113,496,2,2026-05-10 14:39:26,fantini sanitare
854,874,332,0,2026-05-03 18:25:32,fondovalle ceramice
855,546,228,0,2026-05-03 18:23:18,grandinetti
856,918,375,3,2026-05-10 14:32:50,casalgrande padana
857,1114,497,0,2026-05-10 14:39:26,fantini sanitare
858,875,332,0,2026-05-03 18:25:32,fondovalle ceramice
859,547,228,0,2026-05-03 18:23:18,grandinetti
860,919,357,0,2026-05-10 14:32:50,casalgrande padana
861,1114,498,1,2026-05-10 14:39:26,fantini sanitare
862,548,228,0,2026-05-03 18:23:18,grandinetti
863,919,363,1,2026-05-10 14:32:50,casalgrande padana
864,1115,499,0,2026-05-10 14:39:26,fantini sanitare
865,549,228,0,2026-05-03 18:23:18,grandinetti
866,919,369,2,2026-05-10 14:32:50,casalgrande padana
867,1115,500,1,2026-05-10 14:39:26,fantini sanitare
868,550,228,0,2026-05-03 18:23:18,grandinetti
869,919,375,3,2026-05-10 14:32:50,casalgrande padana
870,1116,501,0,2026-05-10 14:39:26,fantini sanitare
871,551,228,0,2026-05-03 18:23:18,grandinetti
872,920,357,0,2026-05-10 14:32:50,casalgrande padana
873,1116,502,1,2026-05-10 14:39:26,fantini sanitare
874,552,228,0,2026-05-03 18:23:18,grandinetti
875,920,363,1,2026-05-10 14:32:50,casalgrande padana
876,1116,503,2,2026-05-10 14:39:26,fantini sanitare
877,553,228,0,2026-05-03 18:23:18,grandinetti
878,920,369,2,2026-05-10 14:32:50,casalgrande padana
879,1116,504,3,2026-05-10 14:39:26,fantini sanitare
880,554,228,0,2026-05-03 18:23:18,grandinetti
881,920,375,3,2026-05-10 14:32:50,casalgrande padana
882,1116,505,4,2026-05-10 14:39:26,fantini sanitare
883,555,228,0,2026-05-03 18:23:18,grandinetti
884,921,357,0,2026-05-10 14:32:50,casalgrande padana
885,1117,506,0,2026-05-10 14:39:26,fantini sanitare
886,556,228,0,2026-05-03 18:23:18,grandinetti
887,921,363,1,2026-05-10 14:32:50,casalgrande padana
888,1117,507,1,2026-05-10 14:39:26,fantini sanitare
889,557,228,0,2026-05-03 18:23:18,grandinetti
890,921,369,2,2026-05-10 14:32:50,casalgrande padana
891,1118,508,0,2026-05-10 14:39:26,fantini sanitare
892,558,228,0,2026-05-03 18:23:18,grandinetti
893,921,375,3,2026-05-10 14:32:50,casalgrande padana
894,1118,509,1,2026-05-10 14:39:26,fantini sanitare
895,559,228,0,2026-05-03 18:23:18,grandinetti
896,922,357,0,2026-05-10 14:32:50,casalgrande padana
897,1118,510,2,2026-05-10 14:39:26,fantini sanitare
898,560,228,0,2026-05-03 18:23:18,grandinetti
899,922,363,1,2026-05-10 14:32:50,casalgrande padana
900,1119,511,0,2026-05-10 14:39:26,fantini sanitare
901,561,228,0,2026-05-03 18:23:18,grandinetti
902,922,369,2,2026-05-10 14:32:50,casalgrande padana
903,1119,512,1,2026-05-10 14:39:26,fantini sanitare
904,562,228,0,2026-05-03 18:23:18,grandinetti
905,922,375,3,2026-05-10 14:32:50,casalgrande padana
906,1119,513,2,2026-05-10 14:39:26,fantini sanitare
907,563,228,0,2026-05-03 18:23:18,grandinetti
908,923,381,0,2026-05-10 14:32:50,casalgrande padana
909,1120,514,0,2026-05-10 14:39:26,fantini sanitare
910,564,228,0,2026-05-03 18:23:18,grandinetti
911,923,387,1,2026-05-10 14:32:50,casalgrande padana
912,1120,515,1,2026-05-10 14:39:26,fantini sanitare
913,565,228,0,2026-05-03 18:23:18,grandinetti
914,923,393,2,2026-05-10 14:32:50,casalgrande padana
915,1121,516,0,2026-05-10 14:39:26,fantini sanitare
916,566,228,0,2026-05-03 18:23:18,grandinetti
917,923,399,3,2026-05-10 14:32:50,casalgrande padana
918,1121,517,1,2026-05-10 14:39:26,fantini sanitare
919,567,228,0,2026-05-03 18:23:18,grandinetti
920,924,381,0,2026-05-10 14:32:50,casalgrande padana
921,1121,518,2,2026-05-10 14:39:26,fantini sanitare
922,568,228,0,2026-05-03 18:23:18,grandinetti
923,924,387,1,2026-05-10 14:32:50,casalgrande padana
924,1121,519,3,2026-05-10 14:39:26,fantini sanitare
925,569,228,0,2026-05-03 18:23:18,grandinetti
926,924,393,2,2026-05-10 14:32:50,casalgrande padana
927,1122,520,0,2026-05-10 14:39:26,fantini sanitare
928,570,228,0,2026-05-03 18:23:18,grandinetti
929,924,399,3,2026-05-10 14:32:50,casalgrande padana
930,1122,521,1,2026-05-10 14:39:26,fantini sanitare
931,571,228,0,2026-05-03 18:23:18,grandinetti
932,925,381,0,2026-05-10 14:32:50,casalgrande padana
933,1122,522,2,2026-05-10 14:39:26,fantini sanitare
934,572,228,0,2026-05-03 18:23:18,grandinetti
935,925,387,1,2026-05-10 14:32:50,casalgrande padana
936,1122,523,3,2026-05-10 14:39:26,fantini sanitare
937,573,228,0,2026-05-03 18:23:18,grandinetti
938,925,393,2,2026-05-10 14:32:50,casalgrande padana
939,1123,524,0,2026-05-10 14:39:26,fantini sanitare
940,574,228,0,2026-05-03 18:23:18,grandinetti
941,925,399,3,2026-05-10 14:32:50,casalgrande padana
942,1123,525,1,2026-05-10 14:39:26,fantini sanitare
943,575,228,0,2026-05-03 18:23:18,grandinetti
944,926,381,0,2026-05-10 14:32:50,casalgrande padana
945,1123,330,2,2026-05-10 14:39:26,fantini sanitare
946,576,228,0,2026-05-03 18:23:18,grandinetti
947,926,387,1,2026-05-10 14:32:50,casalgrande padana
948,1123,526,3,2026-05-10 14:39:26,fantini sanitare
949,577,228,0,2026-05-03 18:23:18,grandinetti
950,926,393,2,2026-05-10 14:32:50,casalgrande padana
951,1123,527,4,2026-05-10 14:39:26,fantini sanitare
952,578,228,0,2026-05-03 18:23:18,grandinetti
953,926,399,3,2026-05-10 14:32:50,casalgrande padana
954,1124,528,0,2026-05-10 14:39:26,fantini sanitare
955,579,228,0,2026-05-03 18:23:18,grandinetti
956,927,381,0,2026-05-10 14:32:50,casalgrande padana
957,1124,529,1,2026-05-10 14:39:26,fantini sanitare
958,580,228,0,2026-05-03 18:23:18,grandinetti
959,927,387,1,2026-05-10 14:32:50,casalgrande padana
960,1124,530,2,2026-05-10 14:39:26,fantini sanitare
961,581,228,0,2026-05-03 18:23:18,grandinetti
962,927,393,2,2026-05-10 14:32:50,casalgrande padana
963,1124,531,3,2026-05-10 14:39:26,fantini sanitare
964,582,228,0,2026-05-03 18:23:18,grandinetti
965,927,399,3,2026-05-10 14:32:50,casalgrande padana
966,1124,532,4,2026-05-10 14:39:26,fantini sanitare
967,583,228,0,2026-05-03 18:23:18,grandinetti
968,928,381,0,2026-05-10 14:32:50,casalgrande padana
969,1125,533,0,2026-05-10 14:39:26,fantini sanitare
970,584,228,0,2026-05-03 18:23:18,grandinetti
971,928,387,1,2026-05-10 14:32:50,casalgrande padana
972,1125,534,1,2026-05-10 14:39:26,fantini sanitare
973,585,228,0,2026-05-03 18:23:18,grandinetti
974,928,393,2,2026-05-10 14:32:50,casalgrande padana
975,1125,417,2,2026-05-10 14:39:26,fantini sanitare
976,586,403,0,2026-05-03 18:23:18,grandinetti
977,928,399,3,2026-05-10 14:32:50,casalgrande padana
978,1125,535,3,2026-05-10 14:39:26,fantini sanitare
979,586,228,1,2026-05-03 18:23:18,grandinetti
980,929,381,0,2026-05-10 14:32:50,casalgrande padana
981,1125,536,4,2026-05-10 14:39:26,fantini sanitare
982,587,409,0,2026-05-03 18:23:18,grandinetti
983,929,387,1,2026-05-10 14:32:50,casalgrande padana
984,1126,537,0,2026-05-10 14:39:26,fantini sanitare
985,587,228,1,2026-05-03 18:23:18,grandinetti
986,929,393,2,2026-05-10 14:32:50,casalgrande padana
987,1126,538,1,2026-05-10 14:39:26,fantini sanitare
988,588,414,0,2026-05-03 18:23:18,grandinetti
989,929,399,3,2026-05-10 14:32:50,casalgrande padana
990,1126,467,2,2026-05-10 14:39:26,fantini sanitare
991,588,228,1,2026-05-03 18:23:18,grandinetti
992,930,381,0,2026-05-10 14:32:50,casalgrande padana
993,1126,539,3,2026-05-10 14:39:26,fantini sanitare
994,589,419,0,2026-05-03 18:23:18,grandinetti
995,930,387,1,2026-05-10 14:32:50,casalgrande padana
996,1126,540,4,2026-05-10 14:39:26,fantini sanitare
997,589,228,1,2026-05-03 18:23:18,grandinetti
998,930,393,2,2026-05-10 14:32:50,casalgrande padana
999,1127,541,0,2026-05-10 14:39:26,fantini sanitare
1000,590,424,0,2026-05-03 18:23:18,grandinetti
1001,930,399,3,2026-05-10 14:32:50,casalgrande padana
1002,1127,542,1,2026-05-10 14:39:26,fantini sanitare
1003,590,228,1,2026-05-03 18:23:18,grandinetti
1004,931,381,0,2026-05-10 14:32:50,casalgrande padana
1005,1127,447,2,2026-05-10 14:39:26,fantini sanitare
1006,591,428,0,2026-05-03 18:23:18,grandinetti
1007,931,387,1,2026-05-10 14:32:50,casalgrande padana
1008,1127,543,3,2026-05-10 14:39:26,fantini sanitare
1009,591,228,1,2026-05-03 18:23:18,grandinetti
1010,931,393,2,2026-05-10 14:32:50,casalgrande padana
1011,1127,544,4,2026-05-10 14:39:26,fantini sanitare
1012,592,432,0,2026-05-03 18:23:18,grandinetti
1013,931,399,3,2026-05-10 14:32:50,casalgrande padana
1014,1128,545,0,2026-05-10 14:39:26,fantini sanitare
1015,592,228,1,2026-05-03 18:23:18,grandinetti
1016,932,381,0,2026-05-10 14:32:50,casalgrande padana
1017,1128,546,1,2026-05-10 14:39:26,fantini sanitare
1018,593,436,0,2026-05-03 18:23:18,grandinetti
1019,932,387,1,2026-05-10 14:32:50,casalgrande padana
1020,1128,547,2,2026-05-10 14:39:26,fantini sanitare
1021,593,228,1,2026-05-03 18:23:18,grandinetti
1022,932,393,2,2026-05-10 14:32:50,casalgrande padana
1023,1128,548,3,2026-05-10 14:39:26,fantini sanitare
1024,594,440,0,2026-05-03 18:23:18,grandinetti
1025,932,399,3,2026-05-10 14:32:50,casalgrande padana
1026,1129,549,0,2026-05-10 14:39:26,fantini sanitare
1027,594,228,1,2026-05-03 18:23:18,grandinetti
1028,933,381,0,2026-05-10 14:32:50,casalgrande padana
1029,1129,550,1,2026-05-10 14:39:26,fantini sanitare
1030,595,444,0,2026-05-03 18:23:18,grandinetti
1031,933,387,1,2026-05-10 14:32:50,casalgrande padana
1032,1129,551,2,2026-05-10 14:39:26,fantini sanitare
1033,595,228,1,2026-05-03 18:23:18,grandinetti
1034,933,393,2,2026-05-10 14:32:50,casalgrande padana
1035,1129,552,3,2026-05-10 14:39:26,fantini sanitare
1036,596,448,0,2026-05-03 18:23:18,grandinetti
1037,933,399,3,2026-05-10 14:32:50,casalgrande padana
1038,1130,553,0,2026-05-10 14:39:26,fantini sanitare
1039,596,228,1,2026-05-03 18:23:18,grandinetti
1040,934,381,0,2026-05-10 14:32:50,casalgrande padana
1041,1130,554,1,2026-05-10 14:39:26,fantini sanitare
1042,597,452,0,2026-05-03 18:23:18,grandinetti
1043,934,387,1,2026-05-10 14:32:50,casalgrande padana
1044,1130,555,2,2026-05-10 14:39:26,fantini sanitare
1045,597,228,1,2026-05-03 18:23:18,grandinetti
1046,934,393,2,2026-05-10 14:32:50,casalgrande padana
1047,1130,556,3,2026-05-10 14:39:26,fantini sanitare
1048,598,456,0,2026-05-03 18:23:18,grandinetti
1049,934,399,3,2026-05-10 14:32:50,casalgrande padana
1050,1131,557,0,2026-05-10 14:39:26,fantini sanitare
1051,598,228,1,2026-05-03 18:23:18,grandinetti
1052,935,405,0,2026-05-10 14:32:50,casalgrande padana
1053,1131,558,1,2026-05-10 14:39:26,fantini sanitare
1054,599,460,0,2026-05-03 18:23:18,grandinetti
1055,935,223,1,2026-05-10 14:32:50,casalgrande padana
1056,1131,559,2,2026-05-10 14:39:26,fantini sanitare
1057,599,228,1,2026-05-03 18:23:18,grandinetti
1058,935,411,2,2026-05-10 14:32:50,casalgrande padana
1059,1131,560,3,2026-05-10 14:39:26,fantini sanitare
1060,600,464,0,2026-05-03 18:23:18,grandinetti
1061,935,416,3,2026-05-10 14:32:50,casalgrande padana
1062,1132,561,0,2026-05-10 14:39:26,fantini sanitare
1063,600,228,1,2026-05-03 18:23:18,grandinetti
1064,936,405,0,2026-05-10 14:32:50,casalgrande padana
1065,1132,562,1,2026-05-10 14:39:26,fantini sanitare
1066,601,468,0,2026-05-03 18:23:18,grandinetti
1067,936,223,1,2026-05-10 14:32:50,casalgrande padana
1068,1132,563,2,2026-05-10 14:39:26,fantini sanitare
1069,601,228,1,2026-05-03 18:23:18,grandinetti
1070,936,411,2,2026-05-10 14:32:50,casalgrande padana
1071,1132,564,3,2026-05-10 14:39:26,fantini sanitare
1072,602,472,0,2026-05-03 18:23:18,grandinetti
1073,936,416,3,2026-05-10 14:32:50,casalgrande padana
1074,1132,565,4,2026-05-10 14:39:26,fantini sanitare
1075,602,228,1,2026-05-03 18:23:18,grandinetti
1076,937,405,0,2026-05-10 14:32:50,casalgrande padana
1077,1133,566,0,2026-05-10 14:39:26,fantini sanitare
1078,603,475,0,2026-05-03 18:23:18,grandinetti
1079,937,223,1,2026-05-10 14:32:50,casalgrande padana
1080,1133,567,1,2026-05-10 14:39:26,fantini sanitare
1081,603,228,1,2026-05-03 18:23:18,grandinetti
1082,937,411,2,2026-05-10 14:32:50,casalgrande padana
1083,1133,568,2,2026-05-10 14:39:26,fantini sanitare
1084,604,478,0,2026-05-03 18:23:18,grandinetti
1085,937,416,3,2026-05-10 14:32:50,casalgrande padana
1086,1133,569,3,2026-05-10 14:39:26,fantini sanitare
1087,604,228,1,2026-05-03 18:23:18,grandinetti
1088,938,405,0,2026-05-10 14:32:50,casalgrande padana
1089,1133,570,4,2026-05-10 14:39:26,fantini sanitare
1090,938,223,1,2026-05-10 14:32:50,casalgrande padana
1091,1134,571,0,2026-05-10 14:39:26,fantini sanitare
1092,938,411,2,2026-05-10 14:32:50,casalgrande padana
1093,1134,572,1,2026-05-10 14:39:26,fantini sanitare
1094,938,416,3,2026-05-10 14:32:50,casalgrande padana
1095,1134,573,2,2026-05-10 14:39:26,fantini sanitare
1096,939,405,0,2026-05-10 14:32:50,casalgrande padana
1097,1134,574,3,2026-05-10 14:39:26,fantini sanitare
1098,939,223,1,2026-05-10 14:32:50,casalgrande padana
1099,1134,575,4,2026-05-10 14:39:26,fantini sanitare
1100,939,411,2,2026-05-10 14:32:50,casalgrande padana
1101,1135,576,0,2026-05-10 14:39:26,fantini sanitare
1102,939,416,3,2026-05-10 14:32:50,casalgrande padana
1103,1135,577,1,2026-05-10 14:39:26,fantini sanitare
1104,940,405,0,2026-05-10 14:32:50,casalgrande padana
1105,1135,578,2,2026-05-10 14:39:26,fantini sanitare
1106,940,223,1,2026-05-10 14:32:50,casalgrande padana
1107,1135,142,3,2026-05-10 14:39:26,fantini sanitare
1108,940,411,2,2026-05-10 14:32:50,casalgrande padana
1109,1136,143,0,2026-05-10 14:39:26,fantini sanitare
1110,940,416,3,2026-05-10 14:32:50,casalgrande padana
1111,1136,144,1,2026-05-10 14:39:26,fantini sanitare
1112,941,256,0,2026-05-10 14:32:50,casalgrande padana
1113,1136,145,2,2026-05-10 14:39:26,fantini sanitare
1114,941,421,1,2026-05-10 14:32:50,casalgrande padana
1115,1136,146,3,2026-05-10 14:39:26,fantini sanitare
1116,941,426,2,2026-05-10 14:32:50,casalgrande padana
1117,1136,147,4,2026-05-10 14:39:26,fantini sanitare
1118,941,430,3,2026-05-10 14:32:50,casalgrande padana
1119,1137,148,0,2026-05-10 14:39:26,fantini sanitare
1120,942,256,0,2026-05-10 14:32:50,casalgrande padana
1121,1137,149,1,2026-05-10 14:39:26,fantini sanitare
1122,942,421,1,2026-05-10 14:32:50,casalgrande padana
1123,1137,150,2,2026-05-10 14:39:26,fantini sanitare
1124,942,426,2,2026-05-10 14:32:50,casalgrande padana
1125,1137,151,3,2026-05-10 14:39:26,fantini sanitare
1126,942,430,3,2026-05-10 14:32:50,casalgrande padana
1127,1138,152,0,2026-05-10 14:39:26,fantini sanitare
1128,943,256,0,2026-05-10 14:32:50,casalgrande padana
1129,1138,153,1,2026-05-10 14:39:26,fantini sanitare
1130,943,421,1,2026-05-10 14:32:50,casalgrande padana
1131,1138,154,2,2026-05-10 14:39:26,fantini sanitare
1132,943,426,2,2026-05-10 14:32:50,casalgrande padana
1133,1138,155,3,2026-05-10 14:39:26,fantini sanitare
1134,943,430,3,2026-05-10 14:32:50,casalgrande padana
1135,1138,156,4,2026-05-10 14:39:26,fantini sanitare
1136,944,434,0,2026-05-10 14:32:50,casalgrande padana
1137,1139,157,0,2026-05-10 14:39:26,fantini sanitare
1138,944,438,1,2026-05-10 14:32:50,casalgrande padana
1139,1139,158,1,2026-05-10 14:39:26,fantini sanitare
1140,944,442,2,2026-05-10 14:32:50,casalgrande padana
1141,1139,159,2,2026-05-10 14:39:26,fantini sanitare
1142,944,446,3,2026-05-10 14:32:50,casalgrande padana
1143,1139,160,3,2026-05-10 14:39:26,fantini sanitare
1144,945,434,0,2026-05-10 14:32:50,casalgrande padana
1145,1139,161,4,2026-05-10 14:39:26,fantini sanitare
1146,945,438,1,2026-05-10 14:32:50,casalgrande padana
1147,1140,162,0,2026-05-10 14:39:26,fantini sanitare
1148,945,442,2,2026-05-10 14:32:50,casalgrande padana
1149,1140,163,1,2026-05-10 14:39:26,fantini sanitare
1150,945,446,3,2026-05-10 14:32:50,casalgrande padana
1151,1140,164,2,2026-05-10 14:39:26,fantini sanitare
1152,946,434,0,2026-05-10 14:32:50,casalgrande padana
1153,1140,165,3,2026-05-10 14:39:26,fantini sanitare
1154,946,438,1,2026-05-10 14:32:50,casalgrande padana
1155,1141,166,0,2026-05-10 14:39:26,fantini sanitare
1156,946,442,2,2026-05-10 14:32:50,casalgrande padana
1157,1141,167,1,2026-05-10 14:39:26,fantini sanitare
1158,946,446,3,2026-05-10 14:32:50,casalgrande padana
1159,1141,168,2,2026-05-10 14:39:26,fantini sanitare
1160,947,434,0,2026-05-10 14:32:50,casalgrande padana
1161,1141,169,3,2026-05-10 14:39:26,fantini sanitare
1162,947,438,1,2026-05-10 14:32:50,casalgrande padana
1163,1141,170,4,2026-05-10 14:39:26,fantini sanitare
1164,947,442,2,2026-05-10 14:32:50,casalgrande padana
1165,1142,171,0,2026-05-10 14:39:26,fantini sanitare
1166,947,446,3,2026-05-10 14:32:50,casalgrande padana
1167,1142,172,1,2026-05-10 14:39:26,fantini sanitare
1168,948,434,0,2026-05-10 14:32:50,casalgrande padana
1169,1142,173,2,2026-05-10 14:39:26,fantini sanitare
1170,948,438,1,2026-05-10 14:32:50,casalgrande padana
1171,1142,174,3,2026-05-10 14:39:26,fantini sanitare
1172,948,442,2,2026-05-10 14:32:50,casalgrande padana
1173,1142,175,4,2026-05-10 14:39:26,fantini sanitare
1174,948,446,3,2026-05-10 14:32:50,casalgrande padana
1175,1142,176,5,2026-05-10 14:39:26,fantini sanitare
1176,949,434,0,2026-05-10 14:32:50,casalgrande padana
1177,1143,177,0,2026-05-10 14:39:26,fantini sanitare
1178,949,438,1,2026-05-10 14:32:50,casalgrande padana
1179,1143,178,1,2026-05-10 14:39:26,fantini sanitare
1180,949,442,2,2026-05-10 14:32:50,casalgrande padana
1181,1143,179,2,2026-05-10 14:39:26,fantini sanitare
1182,949,446,3,2026-05-10 14:32:50,casalgrande padana
1183,1143,180,3,2026-05-10 14:39:26,fantini sanitare
1184,950,434,0,2026-05-10 14:32:50,casalgrande padana
1185,1143,175,4,2026-05-10 14:39:26,fantini sanitare
1186,950,438,1,2026-05-10 14:32:50,casalgrande padana
1187,1143,176,5,2026-05-10 14:39:26,fantini sanitare
1188,950,442,2,2026-05-10 14:32:50,casalgrande padana
1189,1144,181,0,2026-05-10 14:39:26,fantini sanitare
1190,950,446,3,2026-05-10 14:32:50,casalgrande padana
1191,1144,182,1,2026-05-10 14:39:26,fantini sanitare
1192,951,294,0,2026-05-10 14:32:50,casalgrande padana
1193,1144,183,2,2026-05-10 14:39:26,fantini sanitare
1194,951,450,1,2026-05-10 14:32:50,casalgrande padana
1195,1144,184,3,2026-05-10 14:39:26,fantini sanitare
1196,951,454,2,2026-05-10 14:32:50,casalgrande padana
1197,1144,185,4,2026-05-10 14:39:26,fantini sanitare
1198,951,458,3,2026-05-10 14:32:50,casalgrande padana
1199,1144,175,5,2026-05-10 14:39:26,fantini sanitare
1200,952,294,0,2026-05-10 14:32:50,casalgrande padana
1201,1144,176,6,2026-05-10 14:39:26,fantini sanitare
1202,952,450,1,2026-05-10 14:32:50,casalgrande padana
1203,1145,186,0,2026-05-10 14:39:26,fantini sanitare
1204,952,454,2,2026-05-10 14:32:50,casalgrande padana
1205,1145,187,1,2026-05-10 14:39:26,fantini sanitare
1206,952,458,3,2026-05-10 14:32:50,casalgrande padana
1207,1145,530,2,2026-05-10 14:39:26,fantini sanitare
1208,953,294,0,2026-05-10 14:32:50,casalgrande padana
1209,1145,188,3,2026-05-10 14:39:26,fantini sanitare
1210,953,450,1,2026-05-10 14:32:50,casalgrande padana
1211,1145,189,4,2026-05-10 14:39:26,fantini sanitare
1212,953,454,2,2026-05-10 14:32:50,casalgrande padana
1213,1145,175,5,2026-05-10 14:39:26,fantini sanitare
1214,953,458,3,2026-05-10 14:32:50,casalgrande padana
1215,1145,176,6,2026-05-10 14:39:26,fantini sanitare
1216,954,294,0,2026-05-10 14:32:50,casalgrande padana
1217,1146,190,0,2026-05-10 14:39:26,fantini sanitare
1218,954,450,1,2026-05-10 14:32:50,casalgrande padana
1219,1146,191,1,2026-05-10 14:39:26,fantini sanitare
1220,954,454,2,2026-05-10 14:32:50,casalgrande padana
1221,1146,192,2,2026-05-10 14:39:26,fantini sanitare
1222,954,458,3,2026-05-10 14:32:50,casalgrande padana
1223,1146,193,3,2026-05-10 14:39:26,fantini sanitare
1224,955,294,0,2026-05-10 14:32:50,casalgrande padana
1225,1146,194,4,2026-05-10 14:39:26,fantini sanitare
1226,955,462,1,2026-05-10 14:32:50,casalgrande padana
1227,1146,175,5,2026-05-10 14:39:26,fantini sanitare
1228,955,466,2,2026-05-10 14:32:50,casalgrande padana
1229,1146,176,6,2026-05-10 14:39:26,fantini sanitare
1230,955,470,3,2026-05-10 14:32:50,casalgrande padana
1231,1147,195,0,2026-05-10 14:39:26,fantini sanitare
1232,956,294,0,2026-05-10 14:32:50,casalgrande padana
1233,1147,196,1,2026-05-10 14:39:26,fantini sanitare
1234,956,462,1,2026-05-10 14:32:50,casalgrande padana
1235,1147,175,2,2026-05-10 14:39:26,fantini sanitare
1236,956,466,2,2026-05-10 14:32:50,casalgrande padana
1237,1147,176,3,2026-05-10 14:39:26,fantini sanitare
1238,956,470,3,2026-05-10 14:32:50,casalgrande padana
1239,1148,197,0,2026-05-10 14:39:26,fantini sanitare
1240,957,294,0,2026-05-10 14:32:50,casalgrande padana
1241,1148,198,1,2026-05-10 14:39:26,fantini sanitare
1242,957,462,1,2026-05-10 14:32:50,casalgrande padana
1243,1148,199,2,2026-05-10 14:39:26,fantini sanitare
1244,957,466,2,2026-05-10 14:32:50,casalgrande padana
1245,1148,200,3,2026-05-10 14:39:26,fantini sanitare
1246,957,470,3,2026-05-10 14:32:50,casalgrande padana
1247,1148,201,4,2026-05-10 14:39:26,fantini sanitare
1248,958,294,0,2026-05-10 14:32:50,casalgrande padana
1249,1148,175,5,2026-05-10 14:39:26,fantini sanitare
1250,958,462,1,2026-05-10 14:32:50,casalgrande padana
1251,1148,176,6,2026-05-10 14:39:26,fantini sanitare
1252,958,466,2,2026-05-10 14:32:50,casalgrande padana
1253,1149,202,0,2026-05-10 14:39:26,fantini sanitare
1254,958,470,3,2026-05-10 14:32:50,casalgrande padana
1255,1149,203,1,2026-05-10 14:39:26,fantini sanitare
1256,959,294,0,2026-05-10 14:32:50,casalgrande padana
1257,1149,204,2,2026-05-10 14:39:26,fantini sanitare
1258,959,462,1,2026-05-10 14:32:50,casalgrande padana
1259,1149,205,3,2026-05-10 14:39:26,fantini sanitare
1260,959,466,2,2026-05-10 14:32:50,casalgrande padana
1261,1149,206,4,2026-05-10 14:39:26,fantini sanitare
1262,959,470,3,2026-05-10 14:32:50,casalgrande padana
1263,1149,175,5,2026-05-10 14:39:26,fantini sanitare
1264,960,294,0,2026-05-10 14:32:50,casalgrande padana
1265,1149,176,6,2026-05-10 14:39:26,fantini sanitare
1266,960,462,1,2026-05-10 14:32:50,casalgrande padana
1267,1150,207,0,2026-05-10 14:39:26,fantini sanitare
1268,960,466,2,2026-05-10 14:32:50,casalgrande padana
1269,1150,208,1,2026-05-10 14:39:26,fantini sanitare
1270,960,470,3,2026-05-10 14:32:50,casalgrande padana
1271,1150,209,2,2026-05-10 14:39:26,fantini sanitare
1272,961,294,0,2026-05-10 14:32:50,casalgrande padana
1273,1150,210,3,2026-05-10 14:39:26,fantini sanitare
1274,961,462,1,2026-05-10 14:32:50,casalgrande padana
1275,1150,175,4,2026-05-10 14:39:26,fantini sanitare
1276,961,466,2,2026-05-10 14:32:50,casalgrande padana
1277,1150,176,5,2026-05-10 14:39:26,fantini sanitare
1278,961,470,3,2026-05-10 14:32:50,casalgrande padana
1279,962,294,0,2026-05-10 14:32:50,casalgrande padana
1280,962,462,1,2026-05-10 14:32:50,casalgrande padana
1281,962,466,2,2026-05-10 14:32:50,casalgrande padana
1282,962,470,3,2026-05-10 14:32:50,casalgrande padana
