Categorie,Subcategorie,SUB-SUBCATEGORIE,Colectie,Nume produs,Nume variante/subtitlu,Variante culori,Link variante,COD REFERINTA,obs,,,,
SANITARE,BATERII,DE BLAT,Davide Mercatali,Nostromo - Baterie joasă,,chrome,https://www.fantini.it/en-us/product/49-3864-5002e904wu,FAN_5002E904WU,,,,,
,,,,,,Matte Black,https://www.fantini.it/en-us/product/49-3864-5013e904wu,FAN_5013E904WU,,,,,
,,,,,,Matte White,https://www.fantini.it/en-us/product/49-3864-5029e904wu,FAN_5029E904WU,,,,,
,,,,,,Matte Gun Metal PVD,https://www.fantini.it/en-us/product/49-3864-50p5e904wu,50P5E904WU,,,,,
,,,,,,Matte British Gold PVD,https://www.fantini.it/en-us/product/49-3864-50p6e904wu,50P6E904WU,,,,,
,,,,,,Matte Copper PVD,https://www.fantini.it/en-us/product/49-3864-50p9e904wu,50P9E904WU,,,,,
,,,,,,Deep Black PVD,https://www.fantini.it/en-us/product/49-3864-50s1e904wu,50S1E904WU,,,,,
,,,,,,Pure Brass PVD,https://www.fantini.it/en-us/product/49-3864-50q7e904wu,50Q7E904WU,,,,,
,,,,,,Raw Metal PVD,https://www.fantini.it/en-us/product/49-3864-50q8e904wu,50Q8E904WU,,,,,
,,,,,,Brushed Stainless steel,https://www.fantini.it/en-us/product/49-3864-5093e904wu,5093E904WU,,,,,
,,,,Nostromo - Baterie înaltă ,,chrome,https://www.fantini.it/en-us/product/49-4209-5002e906wu,5002E906WU,,,,,
,,,,,,Matte Black,https://www.fantini.it/en-us/product/49-4209-5013e906wu,5013E906WU,,,,,
,,,,,,Matte White,https://www.fantini.it/en-us/product/49-4209-5029e906wu,5029E906WU,,,,,
,,,,,,Matte Gun Metal PVD,https://www.fantini.it/en-us/product/49-4209-50p5e906wu,50P5E906WU,,,,,
,,,,,,Matte British Gold PVD,https://www.fantini.it/en-us/product/49-4209-50p6e906wu,50P6E906WU,,,,,
,,,,,,Matte Copper PVD,https://www.fantini.it/en-us/product/49-4209-50p9e906wu,50P9E906WU,,,,,
,,,,,,Deep Black PVD,https://www.fantini.it/en-us/product/49-4209-50s1e906wu,50S1E906WU,,,,,
,,,,,,Pure Brass PVD,https://www.fantini.it/en-us/product/49-4209-50q7e906wu,50Q7E906WU,,,,,
,,,,,,Raw Metal PVD,https://www.fantini.it/en-us/product/49-4209-50q8e906wu,50Q8E906WU,,,,,
,,,,,,Brushed Stainless steel,https://www.fantini.it/en-us/product/49-4209-5093e906wu,5093E906WU,,,,,
,,DE PERETE,,Nostromo - Baterie încastrată,,chrome,https://www.fantini.it/en-us/product/49-5258-5002e809bu,5002E809BU+4400M011AU,,,,,
,,,,,,Matte Black,https://www.fantini.it/en-us/product/49-5258-5013e809bu,5013E809BU+4400M011AU,,,,,
,,,,,,Matte White,https://www.fantini.it/en-us/product/49-5258-5029e809bu,5029E809BU+4400M011AU,,,,,
,,,,,,Matte Gun Metal PVD,https://www.fantini.it/en-us/product/49-5258-50p5e809bu,50P5E809BU+4400M011AU,,,,,
,,,,,,Matte British Gold PVD,https://www.fantini.it/en-us/product/49-5258-50p6e809bu,50P6E809BU+4400M011AU,,,,,
,,,,,,Matte Copper PVD,https://www.fantini.it/en-us/product/49-5258-50p9e809bu,50P9E809BU+4400M011AU,,,,,
,,,,,,Deep Black PVD,https://www.fantini.it/en-us/product/49-5258-50s1e809bu,50S1E809BU+4400M011AU,,,,,
,,,,,,Pure Brass PVD,https://www.fantini.it/en-us/product/49-5258-50q7e809bu,50Q7E809BU+4400M011AU,,,,,
,,,,,,Raw Metal PVD,https://www.fantini.it/en-us/product/49-5258-50q8e809bu,50Q8E809BU+4400M011AU,,,,,
,,,,,,Brushed Stainless steel,https://www.fantini.it/en-us/product/49-5258-5093e809bu,5093E809BU+4400M011AU,,,,,
,,FREESTANDING,,Nostromo - Baterie înaltă freestanding,,chrome,https://www.fantini.it/en-us/product/49-4427-5002e836bu,5002E836BU+19003336AU,,,,,
,,,,,,Matte Black,https://www.fantini.it/en-us/product/49-4427-5013e836bu,5013E836BU+19003336AU,,,,,
,,,,,,Matte White,https://www.fantini.it/en-us/product/49-4427-5029e836bu,5029E836BU+19003336AU,,,,,
,,,,,,Matte Gun Metal PVD,https://www.fantini.it/en-us/product/49-4427-50p5e836bu,50P5E836BU+19003336AU,,,,,
,,,,,,Matte British Gold PVD,https://www.fantini.it/en-us/product/49-4427-50p6e836bu,50P6E836BU+19003336AU,,,,,
,,,,,,Matte Copper PVD,https://www.fantini.it/en-us/product/49-4427-50p9e836bu,50P9E836BU+19003336AU,,,,,
,,,,,,Deep Black PVD,https://www.fantini.it/en-us/product/49-4427-50s1e836bu,50S1E836BU+19003336AU,,,,,
,,DE BIDEU,,Nostromo - Baterie bideu ,,chrome,https://www.fantini.it/en-us/product/49-4219-5002e808wu,5002E808WU,,,,,
,,,,,,Matte Black,https://www.fantini.it/en-us/product/49-4219-5013e808wu,5013E808WU,,,,,
,,,,,,Matte White,https://www.fantini.it/en-us/product/49-4219-5029e808wu,5029E808WU,,,,,
,,,,,,Matte Gun Metal PVD,https://www.fantini.it/en-us/product/49-4219-50p5e808wu,50P5E808WU,,,,,
,,,,,,Matte British Gold PVD,https://www.fantini.it/en-us/product/49-4219-50p6e808wu,50P6E808WU,,,,,
,,,,,,Matte Copper PVD,https://www.fantini.it/en-us/product/49-4219-50p9e808wu,50P9E808WU,,,,,
,,,,,,Deep Black PVD,https://www.fantini.it/en-us/product/49-4219-50s1e808wu,50S1E808WU,,,,,
,,,,,,Pure Brass PVD,https://www.fantini.it/en-us/product/49-4219-50q7e808wu,50Q7E808WU,,,,,
,,,,,,Raw Metal PVD,https://www.fantini.it/en-us/product/49-4219-50q8e808wu,50Q8E808WU,,,,,
,,,,,,Brushed Stainless steel,https://www.fantini.it/en-us/product/49-4219-5093e808wu,5093E808WU,,,,,
,,DUS,,Nostromo - Sistem de duș încastrat,,chrome,https://www.fantini.it/en-us/product/49-5394-5002m784bu,5002M784BU+4400R084AU,,,,,"Comenzi de cadă/duș netermostatice, montate pe perete, cu duș manual"
,,,,,,Matte Black,https://www.fantini.it/en-us/product/49-5394-5013m784bu,5013M784BU+4400R084AU,,,,,
,,,,,,Matte White,https://www.fantini.it/en-us/product/49-5394-5029m784bu,5029M784BU+4400R084AU,,,,,
,,,,,,Matte Gun Metal PVD,https://www.fantini.it/en-us/product/49-5394-50p5m784bu,50P5M784BU+4400R084AU,,,,,
,,,,,,Matte British Gold PVD,https://www.fantini.it/en-us/product/49-5394-50p6m784bu,50P6M784BU+4400R084AU,,,,,
,,,,,,Matte Copper PVD,https://www.fantini.it/en-us/product/49-5394-50p9m784bu,50P9M784BU+4400R084AU,,,,,
,,,,,,Deep Black PVD,https://www.fantini.it/en-us/product/49-5394-50s1m784bu,50S1M784BU+4400R084AU,,,,,
,,,,,,Pure Brass PVD,https://www.fantini.it/en-us/product/49-5394-50q7m784bu,50Q7M784BU+4400R084AU,,,,,
,,,,,,Raw Metal PVD,https://www.fantini.it/en-us/product/49-5394-50q8m784bu,50Q8M784BU+4400R084AU,,,,,
,,,,,,Brushed Stainless steel,https://www.fantini.it/en-us/product/49-5394-5093m784bu,5093M784BU+4400R084AU,,,,,
,,,,Nostromo - Cap de duș/cadă încastrat,,chrome,https://www.fantini.it/en-us/product/49-5400-86028147u,86028147U,,,,,
,,,,,,Matte Black,https://www.fantini.it/en-us/product/49-5400-86138147u,86138147U,,,,,
,,,,,,Matte White,https://www.fantini.it/en-us/product/49-5400-86298147u,86298147U,,,,,
,,,,,,Matte Gun Metal PVD,https://www.fantini.it/en-us/product/49-5400-86p58147u,86P58147U,,,,,
,,,,,,Matte British Gold PVD,https://www.fantini.it/en-us/product/49-5400-86p68147u,86P68147U,,,,,
,,,,,,Matte Copper PVD,https://www.fantini.it/en-us/product/49-5400-86p98147u,86P98147U,,,,,
,,,,,,Deep Black PVD,https://www.fantini.it/en-us/product/49-5400-86s18147u,86S18147U,,,,,
,,,,,,Pure Brass PVD,https://www.fantini.it/en-us/product/49-5400-86q78147u,86Q78147U,,,,,
,,,,,,Raw Metal PVD,https://www.fantini.it/en-us/product/49-5400-86q88147u,86Q88147U,,,,,
,,,,,,Brushed Stainless steel,https://www.fantini.it/en-us/product/49-5400-86938147u,86938147U,,,,,
,,CADA,,Nostromo - Set de cadă încastrat,,chrome,https://www.fantini.it/en-us/product/49-5269-5002m720bu,5002M720BU+4400R021AU,,,,,
,,,,,,Matte Black,https://www.fantini.it/en-us/product/49-5269-5013m720bu,5013M720BU+4400R021AU,,,,,
,,,,,,Matte White,https://www.fantini.it/en-us/product/49-5269-5029m720bu,5029M720BU+4400R021AU,,,,,
,,,,,,Matte Gun Metal PVD,https://www.fantini.it/en-us/product/49-5269-50p5m720bu,50P5M720BU+4400R021AU,,,,,
,,,,,,Matte British Gold PVD,https://www.fantini.it/en-us/product/49-5269-50p6m720bu,50P6M720BU+4400R021AU,,,,,
,,,,,,Matte Copper PVD,https://www.fantini.it/en-us/product/49-5269-50p9m720bu,50P9M720BU+4400R021AU,,,,,
,,,,,,Deep Black PVD,https://www.fantini.it/en-us/product/49-5269-50s1m720bu,50S1M720BU+4400R021AU,,,,,
,,,,,,Pure Brass PVD,https://www.fantini.it/en-us/product/49-5269-50q7m720bu,50Q7M720BU+4400R021AU,,,,,
,,,,,,Raw Metal PVD,https://www.fantini.it/en-us/product/49-5269-50q8m720bu,50Q8M720BU+4400R021AU,,,,,
,,,,,,Brushed Stainless steel,https://www.fantini.it/en-us/product/49-5269-5093m720bu,5093M720BU+4400R021AU,,,,,
,,,,Nostromo - Baterie înaltă freestanding cu duș,,chrome,https://www.fantini.it/en-us/product/49-4636-5002e880bu,5002E880BU+4400R080AU,,,,,
,,,,,,Matte Black,https://www.fantini.it/en-us/product/49-4636-5013e880bu,5013E880BU+4400R080AU,,,,,
,,,,,,Matte White,https://www.fantini.it/en-us/product/49-4636-5029e880bu,5029E880BU+4400R080AU,,,,,
,,,,,,Matte Gun Metal PVD,https://www.fantini.it/en-us/product/49-4636-50p5e880bu,50P5E880BU+4400R080AU,,,,,
,,,,,,Matte British Gold PVD,https://www.fantini.it/en-us/product/49-4636-50p6e880bu,50P6E880BU+4400R080AU,,,,,
,,,,,,Matte Copper PVD,https://www.fantini.it/en-us/product/49-4636-50p9e880bu,50P9E880BU+4400R080AU,,,,,
,,,,,,Deep Black PVD,https://www.fantini.it/en-us/product/49-4636-50s1e880bu,50S1E880BU+4400R080AU,,,,,
,,,,,,Pure Brass PVD,https://www.fantini.it/en-us/product/49-4636-50q7e880bu,50Q7E880BU+4400R080AU,,,,,
,,,,,,Raw Metal PVD,https://www.fantini.it/en-us/product/49-4636-50q8e880bu,50Q8E880BU+4400R080AU,,,,,
,,,,,,Brushed Stainless steel,https://www.fantini.it/en-us/product/49-4636-5093e880bu,5093E880BU+4400R080AU,,,,,
,,DE BLAT,Vincent Van Duysen,Flora - Baterie înaltă ,,Chrome,https://www.fantini.it/en-ww/product/186-6116-7602j607w,7602J507W,,,,,
,,,,,,Polished Nickel PVD,https://www.fantini.it/en-ww/product/186-6116-7695j607w,7695J507W,,,,,
,,,,,,Matt Gun Metal PVD,https://www.fantini.it/en-ww/product/186-6116-76p5j607w,76P5J507W,,,,,
,,,,,,Mokka PVD,https://www.fantini.it/en-ww/product/186-6116-76s5j607w,76S5J507W,,,,,
,,,,,,Brushed Steel Look PVD,https://www.fantini.it/en-ww/product/186-6116-7692j607w,7692J507W,,,,,
,,DE PERETE,,Flora -Baterie încastrată,,Chrome,https://www.fantini.it/en-ww/product/186-6210-7602j610b,7602J610B+4400R010A,,,,,
,,,,,,Polished Nickel PVD,https://www.fantini.it/en-ww/product/186-6210-7695j610b,7695J610B+4400R010A,,,,,
,,,,,,Matt Gun Metal PVD,https://www.fantini.it/en-ww/product/186-6210-76p5j610b,76P5J610B+4400R010A,,,,,
,,,,,,Mokka PVD,https://www.fantini.it/en-ww/product/186-6210-76s5j610b,76S5J610B+4400R010A,,,,,
,,,,,,Brushed Steel Look PVD,https://www.fantini.it/en-ww/product/186-6210-7692j610b,7692J610B+4400R010A,,,,,
,,DE BIDEU,,Flora - Baterie bideu ,,Chrome,https://www.fantini.it/en-ww/product/186-6134-7602j708wf,7602J708WF,,,,,
,,,,,,Polished Nickel PVD,https://www.fantini.it/en-ww/product/186-6134-7695j708wf,7695J708WF,,,,,
,,,,,,Matt Gun Metal PVD,https://www.fantini.it/en-ww/product/186-6134-76p5j708wf,76P5J708WF,,,,,
,,,,,,Mokka PVD,https://www.fantini.it/en-ww/product/186-6134-76s5j708wf,76S5J708WF,,,,,
,,,,,,Brushed Steel Look PVD,https://www.fantini.it/en-ww/product/186-6134-7692j708wf,7692J708WF,,,,,
,,DUS,,Flora - Baterie bideu ,,Chrome,https://www.fantini.it/en-ww/product/186-6132-7602j704f,7602J704F,,,,,
,,,,,,Polished Nickel PVD,https://www.fantini.it/en-ww/product/186-6132-7695j704f,7695J704F,,,,,
,,,,,,Matt Gun Metal PVD,https://www.fantini.it/en-ww/product/186-6132-76p5j704f,76P5J704F,,,,,
,,,,,,Mokka PVD,https://www.fantini.it/en-ww/product/186-6132-76s5j704f,76S5J704F,,,,,
,,,,,,Brushed Steel Look PVD,https://www.fantini.it/en-ww/product/186-6132-7692j704f,7692J704F,,,,,
,,,,Flora I - Cap de duș,,Chrome,https://www.fantini.it/en-ww/product/186-1227-7938k073,7938K073,,,,,
,,,,,,Polished Nickel PVD,https://www.fantini.it/en-ww/product/186-1227-7995k073,7995K073,,,,,
,,,,,,Matt Gun Metal PVD,https://www.fantini.it/en-ww/product/186-1227-79p5k073,79P5K073,,,,,
,,,,Flora - Brațe de duș,,Chrome,https://www.fantini.it/en-ww/product/186-6407-86028121,86028121,,,,,
,,,,,,Polished Nickel PVD,https://www.fantini.it/en-ww/product/186-6407-86958121,86958121,,,,,
,,,,,,Matt Gun Metal PVD,https://www.fantini.it/en-ww/product/186-6407-86p58121,86P58121,,,,,
,,,,,,Mokka PVD,https://www.fantini.it/en-ww/product/186-6407-86s58121,86S58121,,,,,
,,,,,,Brushed Steel Look PVD,https://www.fantini.it/en-ww/product/186-6407-86928121,86928121,,,,,
,,,,Flora I - Baterie pentru duș,,Chrome,https://www.fantini.it/en-ww/product/186-6221-7602j787b,7602J787B+4400M687A,,,,,
,,,,,,Polished Nickel PVD,https://www.fantini.it/en-ww/product/186-6221-7695j787b,7695J787B+4400M687A,,,,,
,,,,,,Matt Gun Metal PVD,fantini.it/en-ww/product/186-6221-7695j787b,76P5J787B+4400M687A,,,,,
,,,,,,Mokka PVD,https://www.fantini.it/en-ww/product/186-6221-76s5j787b,76S5J787B+4400M687A,,,,,
,,,,,,Brushed Steel Look PVD,https://www.fantini.it/en-ww/product/186-6221-7692j787b,7692J787B+4400M687A,,,,,
,,,,Flora II - Baterie pentru duș,,Chrome,https://www.fantini.it/en-ww/product/186-6224-7602j723b,7602J723B+4400M623A,,,,,
,,,,,,Polished Nickel PVD,fantini.it/en-ww/product/186-6224-7602j723b,7695J723B+4400M623A,,,,,
,,,,,,Matt Gun Metal PVD,https://www.fantini.it/en-ww/product/186-6224-76p5j723b,76P5J723B+4400M623A,,,,,
,,,,,,Mokka PVD,https://www.fantini.it/en-ww/product/186-6224-76s5j723b,76S5J723B+4400M623A,,,,,
,,,,,,Brushed Steel Look PVD,https://www.fantini.it/en-ww/product/186-6224-7692j723b,7692J723B+4400M623A,,,,,
,,,,Flora II - Baterie pentru duș,,Chrome,https://www.fantini.it/en-ww/product/186-5415-86028147,86028147,,,,,
,,,,,,Polished Nickel PVD,https://www.fantini.it/en-ww/product/186-5415-86958147,86958147,,,,,
,,,,,,Matt Gun Metal PVD,https://www.fantini.it/en-ww/product/186-5415-86p58147,86P58147,,,,,
,,,,,,Mokka PVD,fantini.it/en-ww/product/186-5415-86p58147,86S58147,,,,,
,,,,,,Brushed Steel Look PVD,https://www.fantini.it/en-ww/product/186-5415-86928147,86928147,,,,,
,,,,Flora - Sistem de duș încastrat,,Chrome,https://www.fantini.it/en-ww/product/186-6235-7602j617b,7602J617B+4400R017A,,,,,
,,,,,,Polished Nickel PVD,https://www.fantini.it/en-ww/product/186-6235-7695j617b,7695J617B+4400R017A,,,,,
,,,,,,Matt Gun Metal PVD,https://www.fantini.it/en-ww/product/186-6235-76p5j617b,76P5J617B+4400R017A,,,,,
,,,,,,Mokka PVD,https://www.fantini.it/en-ww/product/186-6235-76s5j617b,76S5J617B+4400R017A,,,,,
,,,,,,Brushed Steel Look PVD,https://www.fantini.it/en-ww/product/186-6235-7692j617b,7692J617B+4400R017A,,,,,
,,,,Flora III - Baterie pentru duș,,Chrome,https://www.fantini.it/en-ww/product/186-6226-7602j872b,7602J872B+1900D372A,,,,,
,,,,,,Polished Nickel PVD,https://www.fantini.it/en-ww/product/186-6226-7695j872b,7695J872B+1900D372A,,,,,
,,,,,,Matt Gun Metal PVD,https://www.fantini.it/en-ww/product/186-6226-76p5j872b,76P5J872B+1900D372A,,,,,
,,,,,,Mokka PVD,https://www.fantini.it/en-ww/product/186-6226-76s5j872b,76S5J872B+1900D372A,,,,,
,,,,,,Brushed Steel Look PVD,https://www.fantini.it/en-ww/product/186-6226-7692j872b,7692J872B+1900D372A,,,,,
,,CADA,,Flora - Baterie înaltă freestanding cu duș,,Chrome,https://www.fantini.it/en-ww/product/186-6240-7602j780b,7602J780B+4400R080A,,,,,
,,,,,,Polished Nickel PVD,fantini.it/en-ww/product/186-6240-7602j780b,7695J780B+4400R080A,,,,,
,,,,,,Matt Gun Metal PVD,https://www.fantini.it/en-ww/product/186-6240-76p5j780b,76P5J780B+4400R080A,,,,,
,,,,,,Mokka PVD,https://www.fantini.it/en-ww/product/186-6240-76s5j780b,76S5J780B+4400R080A,,,,,
,,,,,,Brushed Steel Look PVD,https://www.fantini.it/en-ww/product/186-6240-7692j780b,7692J780B+4400R080A,,,,,
,,,,Flora - Set de cadă încastrat,,Chrome,https://www.fantini.it/en-ww/product/186-6233-7602j619b,7602J619B+4400R019A,,,,,
,,,,,,Polished Nickel PVD,fantini.it/en-ww/product/186-6233-7602j619b,7695J619B+4400R019A,,,,,
,,,,,,Matt Gun Metal PVD,https://www.fantini.it/en-ww/product/186-6233-76p5j619b,76P5J619B+4400R019A,,,,,
,,,,,,Mokka PVD,https://www.fantini.it/en-ww/product/186-6233-76s5j619b,76S5J619B+4400R019A,,,,,
,,,,,,Brushed Steel Look PVD,https://www.fantini.it/en-ww/product/186-6233-7692j619b,7692J619B+4400R019A,,,,,
,,DE BLAT,Marcel Wanders,AW/PIPE II - Baterie înaltă ,,Matte Gun Metal PVD,https://www.fantini.it/en-us/product/126-5234-20p5t407wu,20P5T407WU,,,,,
,,,,,,Brushed Stainless Steel - Red,https://www.fantini.it/en-us/product/126-5234-2093t407wo9u,2093T407WO9U,,,,,
,,,,,,Brushed Stainless steel,https://www.fantini.it/en-us/product/126-5234-2093t407wu,2093T407WU,,,,,
,,,,AW/PIPE I - Baterie înaltă ,,Matte Gun Metal PVD,https://www.fantini.it/en-us/product/126-5238-20p5t607wu,20P5T607WU,,,,,
,,,,,,Brushed Stainless Steel - Red,https://www.fantini.it/en-us/product/126-5238-2093t607wo9u,2093T607WO9U,,,,,
,,,,,,Brushed Stainless steel,https://www.fantini.it/en-us/product/126-5238-2093t607wu,2093T607WU,,,,,
,,DE PERETE,,AW/PIPE I - Baterie încastrată,,Matte Gun Metal PVD,https://www.fantini.it/en-us/product/126-5236-20p5t513bu,20P5T513BU+4400M011AU,,,,,
,,,,,,Brushed Stainless Steel - Red,https://www.fantini.it/en-us/product/126-5236-2093t513buo9,2093T513BUO9+4400M011AU,,,,,
,,,,,,Brushed Stainless steel,https://www.fantini.it/en-us/product/126-5236-2093t513bu,2093T513BU+4400M011AU,,,,,
,,,,AW/PIPE II - Baterie încastrată,,Matte Gun Metal PVD,https://www.fantini.it/en-us/product/126-5235-20p5t413bu,20P5T413BU+4400R010AU,,,,,
,,,,,,Brushed Stainless Steel - Red,https://www.fantini.it/en-us/product/126-5235-2093t413buo9,2093T413BUO9+4400R010AU,,,,,
,,,,,,Brushed Stainless steel,https://www.fantini.it/en-us/product/126-5235-2093t413bu,2093T413BU+4400R010AU,,,,,
,,DUS,,AW/PIPE II - Sistem de duș încastrat,,Matte Gun Metal PVD,https://www.fantini.it/en-us/product/126-5316-20p5t584bu,20P5T584BU+4400R084AU,,,,,
,,,,,,Brushed Stainless Steel - Red,https://www.fantini.it/en-us/product/126-5316-2093t584buo9,2093T584BUO9+4400R084AU,,,,,
,,,,,,Brushed Stainless steel,https://www.fantini.it/en-us/product/126-5316-2093t584bu,2093T584BU+4400R084AU,,,,,
,,CADA,,AW/PIPE - Baterie înaltă freestanding cu duș,,Matte Gun Metal PVD,https://www.fantini.it/en-us/product/126-5250-20p5t580bu,20P5T580BU+4400R080AU,,,,,
,,,,,,Brushed Stainless Steel - Red,https://www.fantini.it/en-us/product/126-5250-2093t580buo9,2093T580BUO9+4400R080AU,,,,,
,,,,,,Brushed Stainless steel,https://www.fantini.it/en-us/product/126-5250-2093t580bu,2093T580BU+4400R080AU,,,,,
,,,,AW/PIPE - Set de cadă încastrat,,Matte Gun Metal PVD,https://www.fantini.it/en-us/product/126-5247-20p5t521bu,20P5T521BU+4400R021AU,,,,,
,,,,,,Brushed Stainless Steel - Red,https://www.fantini.it/en-us/product/126-5247-2093t521buo9,2093T521BUO9+4400R021AU,,,,,
,,,,,,Brushed Stainless steel,https://www.fantini.it/en-us/product/126-5247-2093t521bu,2093T521BU+4400R021AU,,,,,
,,DE BLAT,Studiocharlie,AC/ECLIPSE - Baterie joasă,,Matte Gun Metal PVD,https://www.fantini.it/en-us/product/124-5373-40p5l504wu,40P5L504WU,,,,,
,,,,,,Brushed Stainless steel,https://www.fantini.it/en-us/product/124-5373-4093l504wu,4093L504WU,,,,,
,,,,AC/ECLIPSE - Baterie înaltă ,,Matte Gun Metal PVD,https://www.fantini.it/en-us/product/124-5393-40p5l506wu,40P5L506WU,,,,,
,,,,,,Brushed Stainless steel,https://www.fantini.it/en-us/product/124-5393-4093l506wu,4093L506WU,,,,,
,,,,AC/ECLIPSE I - Baterie înaltă ,,Matte Gun Metal PVD,https://www.fantini.it/en-us/product/124-5374-40p5l807wu,40P5L807WU,,,,,
,,,,,,Brushed Stainless steel,https://www.fantini.it/en-us/product/124-5374-4093l807wu,4093L807WU,,,,,
,,,,AC/ECLIPSE II - Baterie înaltă ,,Matte Gun Metal PVD,https://www.fantini.it/en-us/product/124-5379-40p5l607wu,40P5L607WU,,,,,
,,,,,,Brushed Stainless steel,https://www.fantini.it/en-us/product/124-5379-4093l607wu,4093L607WU,,,,,
,,DE PERETE,,AC/ECLIPSE I - Baterie încastrată,,Matte Gun Metal PVD,https://www.fantini.it/en-us/product/124-5376-40p5l513bu,40P5L513BU+4000D711AU,,,,,
,,,,,,Brushed Stainless steel,https://www.fantini.it/en-us/product/124-5376-4093l513bu,4093L513BU+4000D711AU,,,,,
,,,,AC/ECLIPSE II - Baterie încastrată,,Matte Gun Metal PVD,https://www.fantini.it/en-us/product/124-5377-40p5l613bu,40P5L613BU+4000D810AU,,,,,
,,,,,,Brushed Stainless steel,https://www.fantini.it/en-us/product/124-5377-4093l613bu,4093L613BU+4000D810AU,,,,,
,,FREESTANDING,,AC/ECLIPSE - Baterie înaltă freestanding,,Matte Gun Metal PVD,https://www.fantini.it/en-us/product/124-5375-40p5l536bu,40P5L536BU+4000D736AU,,,,,
,,,,,,Brushed Stainless steel,https://www.fantini.it/en-us/product/124-5375-4093l536bu,4093L536BU+4000D736AU,,,,,
,,,,AC/ECLIPSE - Pipă înaltă freestanding,,Matte Gun Metal PVD,https://www.fantini.it/en-us/product/124-5378-40p5z240bu,40P5Z240BU+4000Z240AU,,,,,
,,,,,,Brushed Stainless steel,https://www.fantini.it/en-us/product/124-5378-4093z240bu,4093Z240BU+4000Z240AU,,,,,
,,,,AC/ECLIPSE - Control separat,,Matte Gun Metal PVD,https://www.fantini.it/en-us/product/124-5383-40p5l563bu,40P5L563BU+4000D763AU,,,,,
,,,,,,Brushed Stainless steel,https://www.fantini.it/en-us/product/124-5383-4093l563bu,4093L563BU+4000D763AU,,,,,
,,DE BIDEU,,AC/ECLIPSE - Baterie bideu ,,Matte Gun Metal PVD,https://www.fantini.it/en-us/product/124-5380-40p5l508wu,40P5L508WU,,,,,
,,,,,,Brushed Stainless steel,https://www.fantini.it/en-us/product/124-5380-4093l508wu,4093L508WU,,,,,
,,DUS,,AC/ECLIPSE - Sistem de duș încastrat,,Matte Gun Metal PVD,https://www.fantini.it/en-us/product/124-5385-40p5l773bu,40P5L773BU+4000D973AU,,,,,
,,,,,,Brushed Stainless steel,https://www.fantini.it/en-us/product/124-5385-4093l773bu,4093L773BU+4000D973AU,,,,,
,,CADA,,AC/ECLIPSE - Set de cadă încastrat,,Matte Gun Metal PVD,https://www.fantini.it/en-us/product/124-5390-40p5l521bu,40P5L521BU+4000D721AU,,,,,
,,,,,,Brushed Stainless steel,https://www.fantini.it/en-us/product/124-5390-4093l521bu,4093L521BU+4000D721AU,,,,,
,,,,AC/ECLIPSE - Set de cadă de blat,,Matte Gun Metal PVD,https://www.fantini.it/en-us/product/124-5389-40p5l667u,40P5L667U,,,,,
,,,,,,Brushed Stainless steel,https://www.fantini.it/en-us/product/124-5389-4093l667u,4093L667U,,,,,
,,,,AC/ECLIPSE - Baterie înaltă freestanding cu duș,,Matte Gun Metal PVD,https://www.fantini.it/en-us/product/124-5391-40p5l580bu,40P5L580BU+4000D736AU,,,,,
,,,,,,Brushed Stainless steel,https://www.fantini.it/en-us/product/124-5391-4093l580bu,4093L580BU+4000D736AU,,,,,
,,DE BLAT,Naoto Fukasawa,AF/21 - Baterie joasă,,Chrome,https://www.fantini.it/en-us/product/50-5347-2702a204wucy,2702A204WUCY,,,,,
,,,,,,Matte Gun Metal PVD,https://www.fantini.it/en-us/product/50-5347-27p5a204wucy,27P5A204WUCY,,,,,
,,,,,,Brushed Stainless steel,https://www.fantini.it/en-us/product/50-5347-2793a204wucy,2793A204WUCY,,,,,
,,,,AF/21 - Baterie înaltă ,,Chrome,https://www.fantini.it/en-us/product/50-5349-2702a206wucx,2702A206WUCX,,,,,
,,,,,,Matte Gun Metal PVD,https://www.fantini.it/en-us/product/50-5349-27p5a206wucx,27P5A206WUCX,,,,,
,,,,,,Brushed Stainless steel,https://www.fantini.it/en-us/product/50-5349-2793a206wucx,2793A206WUCX,,,,,
,,DE PERETE,,AF/21 I - Baterie încastrată,,Chrome,https://www.fantini.it/en-us/product/50-5344-2702a713bucx,2702A713BUCX+4400A713AU,,,,,
,,,,,,Matte Gun Metal PVD,https://www.fantini.it/en-us/product/50-5344-27p5a713bucx,27P5A713BUCX+4400A713AU,,,,,
,,,,,,Brushed Stainless steel,https://www.fantini.it/en-us/product/50-5344-2793a713bucx,2793A713BUCX+4400A713AU,,,,,
,,,,AF/21 II - Baterie încastrată,,Chrome,https://www.fantini.it/en-us/product/50-5351-2702a813bucy,2702A813BUCY+4400R010AU,,,,,
,,,,,,Matte Gun Metal PVD,https://www.fantini.it/en-us/product/50-5351-27p5a813bucy,27P5A813BUCY+4400R010AU,,,,,
,,,,,,Brushed Stainless steel,https://www.fantini.it/en-us/product/50-5351-2793a813bucy,2793A813BUCY+4400R010AU,,,,,
,,DUS,,AF/21 - Sistem de duș încastrat,,Chrome,https://www.fantini.it/en-us/product/50-5367-2702a817bucy,2702A817BUCY+4400A817AU,,,,,
,,,,,,Matte Gun Metal PVD,https://www.fantini.it/en-us/product/50-5367-27p5a817bucy,27P5A817BUCY+4400A817AU,,,,,
,,,,,,Brushed Stainless steel,https://www.fantini.it/en-us/product/50-5367-2793a817bucy,2793A817BUCY+4400A817AU,,,,,
,,,,AF/21 - Duș de mână,,Chrome,https://www.fantini.it/en-us/product/50-3900-81028061u,81028061U,,,,,
,,,,,,Matte Gun Metal PVD,https://www.fantini.it/en-us/product/50-3900-81p58061u,81P58061U,,,,,
,,,,,,Brushed Stainless steel,https://www.fantini.it/en-us/product/50-3900-81938061u,81938061U,,,,,
,,,,AF/21 - Baterie pentru duș,,Chrome,https://www.fantini.it/en-us/product/50-5352-2702a785bucx,2702A785BUCX+4400A785AU,,,,,
,,,,,,Matte Gun Metal PVD,https://www.fantini.it/en-us/product/50-5352-27p5a785bucx,27P5A785BUCX+4400A785AU,,,,,
,,,,,,Brushed Stainless steel,https://www.fantini.it/en-us/product/50-5352-2793a785bucx,2793A785BUCX+4400A785AU,,,,,
,,CADA,,AF/21 - Baterie înaltă freestanding cu duș,,Chrome,https://www.fantini.it/en-us/product/50-3906-2702a580bu,2702A580BU+1700A036AU,,,,,
,,,,,,Matte Gun Metal PVD,https://www.fantini.it/en-us/product/50-3906-27p5a580bu,27P5A580BU+1700A036AU,,,,,
,,,,,,Brushed Stainless steel,https://www.fantini.it/en-us/product/50-3906-2793a580bu,2793A580BU+1700A036AU,,,,,
,,,,AF/21 - Set de cadă încastrat,,Chrome,https://www.fantini.it/en-us/product/50-5364-2702a819bucx,2702A819BUCX+4400A819AU,,,,,
,,,,,,Matte Gun Metal PVD,https://www.fantini.it/en-us/product/50-5364-27p5a819bucx,27P5A819BUCX+4400A819AU,,,,,
,,,,,,Brushed Stainless steel,https://www.fantini.it/en-us/product/50-5364-2793a819bucx,2793A819BUCX+4400A819AU,,,,,