Categorie,Subcategorie,Colectie,Nume produs,Nume variante,Link variante,COD REFERINTA
SPC,ASPECT LEMN,ECCO MAXI PLANK,Natural Light Oak,,https://www.omniafloor.it/en/collections/ecco,OM-1150 EXL - 02
SPC,ASPECT LEMN,ECCO MAXI PLANK,Natural Bleached Oak,,https://www.omniafloor.it/en/collections/ecco,OM-986-6
SPC,ASPECT LEMN,ECCO MAXI PLANK,Natural Oak,,https://www.omniafloor.it/en/collections/ecco,OM-1150 EXL - 01
SPC,ASPECT LEMN,ECCO MAXI PLANK,Natural Grey Oak,,https://www.omniafloor.it/en/collections/ecco,OM-3651- 43A
SPC,ASPECT LEMN,PLANK & HERRINGBONE,Rovere Mielato,Plank,https://www.omniafloor.it/en/collections/omnia_premium,OM-2072
,,,,Herringbone 90°,https://www.omniafloor.it/en/collections/omnia_premium,OM-2072H
SPC,ASPECT LEMN,PLANK & HERRINGBONE,Rovere Heritage,Plank,https://www.omniafloor.it/en/collections/omnia_premium,OM-2077
,,,,Herringbone 90°,https://www.omniafloor.it/en/collections/omnia_premium,OM-2077H
SPC,ASPECT LEMN,PLANK & HERRINGBONE,Rovere Ambrato,Plank,https://www.omniafloor.it/en/collections/omnia_premium,OM-2078
,,,,Herringbone 90°,https://www.omniafloor.it/en/collections/omnia_premium,OM-2078H
SPC,ASPECT LEMN,PLANK & HERRINGBONE,Rovere Nuvola,Plank,https://www.omniafloor.it/en/collections/omnia_premium,OM-2075
,,,,Herringbone 90°,https://www.omniafloor.it/en/collections/omnia_premium,OM-2075H
SPC,ASPECT LEMN,PLANK & HERRINGBONE,Rovere Seta,Plank,https://www.omniafloor.it/en/collections/omnia_premium,OM-2074
,,,,Herringbone 90°,https://www.omniafloor.it/en/collections/omnia_premium,OM-2074H
SPC,ASPECT LEMN,STANDARD PLANK,Rovere Perla,,https://www.omniafloor.it/en/collections/omnia_standard,OM-2470
SPC,ASPECT LEMN,STANDARD PLANK,Rovere Sabbia,,https://www.omniafloor.it/en/collections/omnia_standard,OM-2480
SPC,ASPECT LEMN,STANDARD PLANK,Rovere Miele,,https://www.omniafloor.it/en/collections/omnia_standard,OM-2472
SPC,ASPECT LEMN,STANDARD PLANK,Rovere White,,https://www.omniafloor.it/en/collections/omnia_standard,OM-2481
SPC,ASPECT LEMN,STANDARD PLANK,Rovere Duna,,https://www.omniafloor.it/en/collections/omnia_standard,OM-2479
SPC,ASPECT LEMN,JANGAL STRAW FLOOR,Naturale,,https://www.omniafloor.it/en/collections/jangal,OM-9000
SPC,ASPECT LEMN,JANGAL STRAW FLOOR,Miele,,https://www.omniafloor.it/en/collections/jangal,OM-9001
SPC,ASPECT LEMN,JANGAL STRAW FLOOR,Dorato,,https://www.omniafloor.it/en/collections/jangal,OM-9002
SPC,ASPECT LEMN,JANGAL STRAW FLOOR,Spiga,,https://www.omniafloor.it/en/collections/jangal,OM-9003
SPC,ASPECT LEMN,JANGAL STRAW FLOOR,Terra,,https://www.omniafloor.it/en/collections/jangal,OM-9004
SPC,ASPECT PIATRA,STANDARD TILES,Concrete Stone,,https://www.omniafloor.it/en/collections/omnia_standard_tiles,OM-2150
SPC,ASPECT PIATRA,STANDARD TILES,Black Onyx,,https://www.omniafloor.it/en/collections/omnia_standard_tiles,OM-2151
SPC,ASPECT PIATRA,STANDARD TILES,Glacier Gray,,https://www.omniafloor.it/en/collections/omnia_standard_tiles,OM-2152
SPC,ASPECT PIATRA,STANDARD TILES,Artic Stone,,https://www.omniafloor.it/en/collections/omnia_standard_tiles,OM-2153
SPC,ASPECT PIATRA,STANDARD TILES,Urban Grey,,https://www.omniafloor.it/en/collections/omnia_standard_tiles,OM-2154
SPC,ASPECT PIATRA,REVESTA WALL,Urban Stone Grey,MAT,https://www.omniafloor.it/en/collections/revesta,OM-M30003
,,,,LUCIOS,https://www.omniafloor.it/en/collections/revesta,OM-MG30003
SPC,ASPECT PIATRA,REVESTA WALL,Black Aurum,MAT,https://www.omniafloor.it/en/collections/revesta,OM-M30005
,,,,LUCIOS,https://www.omniafloor.it/en/collections/revesta,OM-MG30005
SPC,ASPECT PIATRA,REVESTA WALL,White Marble,MAT,https://www.omniafloor.it/en/collections/revesta,OM-M30001
,,,,LUCIOS,https://www.omniafloor.it/en/collections/revesta,OM-MG30001
SPC,ASPECT PIATRA,REVESTA WALL,Bronze Metal,MAT,https://www.omniafloor.it/en/collections/revesta,OM-MG30000
,,,,,,
SPC,ASPECT PIATRA,REVESTA WALL,Sand Stone Terra Beige,MAT,https://www.omniafloor.it/en/collections/revesta,OM-M30006
,,,,LUCIOS,https://www.omniafloor.it/en/collections/revesta,OM-HG30006
SPC,ASPECT PIATRA,REVESTA WALL,Absolute Black,MAT,https://www.omniafloor.it/en/collections/revesta,OM-M30004
,,,,LUCIOS,https://www.omniafloor.it/en/collections/revesta,OM-HG30004
SPC,ASPECT PIATRA,REVESTA WALL,Concrete Grey,MAT,https://www.omniafloor.it/en/collections/revesta,OM-M30002
,,,,LUCIOS,https://www.omniafloor.it/en/collections/revesta,OM-HG30002