Categorie,Subcategorie,Sub-subcategorie,Colectie,Nume produs,Variante,Finisaj,Opțiune de montaj / format,Filtru,Link variante,Dimensiuni,COD REFERINTA
PARCHET,CLASSIC,,Prefiniti Classici,Listone Maestro Rovere Naturale,,Neted,PLACI,Stejar,https://milano-parquet.com/prodotti/listone-maestro-rovere-naturale/,,
,,,,,,Periat,,,https://milano-parquet.com/prodotti/listone-maestro-rovere-naturale-spazzolata/,,
,,,,Listone Maestro Teak,,Neted,,Tec,https://milano-parquet.com/prodotti/listone-maestro-teak/,,
,,,Eco-Light,Naturale,,Periat,PLACI,Stejar,https://milano-parquet.com/prodotti/naturale-eco-ligth/,,
,,,,Naturale New,,,,,https://milano-parquet.com/prodotti/naturale-new/,,
,,,,Smoked New,,,,,https://milano-parquet.com/prodotti/smoked-new/,,
,,,,Naturalizzato New,,,,,https://milano-parquet.com/prodotti/naturalizzato-new/,,
,,,CENTOCINQUANTA,Naturale,,Periat,PLACI,Stejar,https://milano-parquet.com/prodotti/naturale-centocinquanta/,,
,,,,Naturalizzato,,,,,https://milano-parquet.com/prodotti/naturalizzato-centocinquanta/,,
,,,,Smoked,,,,,https://milano-parquet.com/prodotti/smoked-centocinquanta/,,
,,,,Grey,,,,,https://milano-parquet.com/prodotti/grey-centocinquanta/,,
,,,Ecowood Plancia,Naturale,Free Class,Periat,PLACI,Stejar,https://milano-parquet.com/prodotti/naturale-sc-free-class/,,
,,,,,Natur,,,,https://milano-parquet.com/prodotti/naturale-sc-natur/,,
,,,,Naturalizzato,Free Class,,,,https://milano-parquet.com/prodotti/naturalizzato-sc-free-class/,,
,,,,,Natur,,,,https://milano-parquet.com/prodotti/naturalizzato-sc-natur/,,
,,,,Smoked,Free Class,,,,https://milano-parquet.com/prodotti/smoked-sc-free-class/,,
,,,,,Natur,,,,https://milano-parquet.com/prodotti/smoked-sc-natur/,,
,,,Tavole del Nord,Noce Americano,,Periat,PLACI,Nuc american,https://milano-parquet.com/prodotti/noce-americano-free-class/,,
,,,,Noce Europeo,,,,Nuc european,https://milano-parquet.com/prodotti/noce-europeo-free-class/,,
,,,,Frassino Naturalizzato,,,PLACI; Spina 90° ; Chevron 45° ; Chevron 60°,Frasin,https://milano-parquet.com/prodotti/frassino-free-class/,,
,,,,Praga,,,,Stejar,https://milano-parquet.com/prodotti/praga-natur/,,
,,,,Kiev Naturale,,Patinat,,Stejar,https://milano-parquet.com/prodotti/kiev-naturale-natur/,,
,,,ILW Duomo,Naturale,Free Class,Periat,PLACI; Spina 90° ,Stejar,https://milano-parquet.com/prodotti/naturale-free-class/,,
,,,,Naturalizzato,Free Class,,,,https://milano-parquet.com/prodotti/naturalizzato-free-class/,,
,,,,Light Smoked,Free Class,,,,https://milano-parquet.com/prodotti/light-smoked-free-class/,,
,,,,Naturale,Natur,,,,https://milano-parquet.com/prodotti/naturale-natur-2/,,
,,,,Light Smoked,Natur,,,,https://milano-parquet.com/prodotti/light-smoked-natur/,,
,,,Casale 220,Naturale,,Prelucrat manual,PLACI; Spina 90° ; Chevron 45° ; Chevron 60°,Stejar,https://milano-parquet.com/prodotti/naturale/,,
,,,,Brenta,,,,,https://milano-parquet.com/prodotti/brenta-natur/,,
,,,,Frattini,,Sablat,,,https://milano-parquet.com/prodotti/frattini-natur/,,
,,,,Bolivar,,,,,https://milano-parquet.com/prodotti/bolivar-natur/,,
,,,,Missori,,Prelucrat manual,,,https://milano-parquet.com/prodotti/missori-natur/,,
,,,Casaline 190,Wagner,Free Class,Periat,PLACI; Spina 90° ; Chevron 45° ; Chevron 60°,Stejar,https://milano-parquet.com/prodotti/wagner-free-class/,,
,,,,,Rustic,,,,https://milano-parquet.com/prodotti/wagner-rustic/,,
,,,,Bisceglie,Natur,,,,https://milano-parquet.com/prodotti/bisceglie-natur/,,
,,,,Smoked,Natur,,,,https://milano-parquet.com/prodotti/smoked-natur/,,
,,,,,Free Class,,,,https://milano-parquet.com/prodotti/smoked-free-class/,,
,,,,Buonarroti,Natur,,,,https://milano-parquet.com/prodotti/buonarroti-natur/,,
,,,,,Free Class,,,,https://milano-parquet.com/prodotti/buonarroti-free-class/,,
,,,,,Rustic,,,,https://milano-parquet.com/prodotti/buonarroti-rustic/,,
,,,,Wagner N,Free Class,,,,https://milano-parquet.com/prodotti/wagner-n-free-class/,,
,,,,,Rustic,,,,https://milano-parquet.com/prodotti/wagner-n-rustic/,,
,CHEVRON & HERRINGBONE,,Spine 90°,Spina 90° Rovere Naturale Fin 10x70x490,Natur,Șlefuit fin • Muchie dreaptă,Spina 90° ,Stejar,https://milano-parquet.com/prodotti/spina-90-rovere-naturale-natur/,10x70x490; 10x55x500; 14x90x600,
,,,,,Prima,,,,https://milano-parquet.com/prodotti/spina-90-rovere-naturale-prima/,,
,,,,Spina 90° Rovere Naturale 10x55x500,Prima,Periat • Muchie teșită,,,https://milano-parquet.com/prodotti/spina-90-rovere-naturale-prima-55x500/,,
,,,,Spina 90° Rovere Naturale 14x90x600,Natur,,,,https://milano-parquet.com/prodotti/spina-90-rovere-naturale-natur-90x600/,,
,,,,,Prima,,,,https://milano-parquet.com/prodotti/spina-90-rovere-naturale-prima-90x600/,,
,,,,Spina 90° Rovere Naturale Periat 10x70x490,Natur,,,,https://milano-parquet.com/prodotti/spina-90-rovere-naturale-natur-2/,10x70x490; 10x55x500; 14x90x600,
,,,,,Prima,,,,https://milano-parquet.com/prodotti/spina-90-rovere-naturale-prima-2/,,
,,,,Spina 90° Rovere Naturalizzato 10x70x490, Natur ,,,,https://milano-parquet.com/prodotti/spina-90-rovere-naturalizzato-natur/,,
,,,,,Prima,,,,https://milano-parquet.com/prodotti/spina-90-rovere-naturalizzato-prima/,,
,,,,Spina 90° Rovere Naturalizzato Prima 10x55x500,Prima,,,,https://milano-parquet.com/prodotti/spina-90-rovere-naturalizzato-prima-55x500/,,
,,,,Spina 90° Rovere Naturalizzato Natur 14x90x600, Natur ,,,,https://milano-parquet.com/prodotti/spina-90-rovere-naturalizzato-natur-90x600/,,
,,,,Spina 90° Rovere Light Smoked Prima 10x70x490,Prima,,,,https://milano-parquet.com/prodotti/spina-90-rovere-light-smoked-prima/,,
,,,,Spina 90° Rovere Light Smoked Prima 14x90x600,,,,,https://milano-parquet.com/prodotti/spina-90-rovere-light-smoked-prima-90x600/,,
,,,,Spina 90° Rovere Dark Smoked 10x70x490,,,,,https://milano-parquet.com/prodotti/spina-90-rovere-light-smoked-prima-copy/,,
,,,,Spina 90° Rovere Dark Smoked Prima 10x55x500,,,,,https://milano-parquet.com/prodotti/spina-90-rovere-dark-smoked-prima-55x500/,,
,,,,Spina 90° Faggio 12x70x500,,Șlefuit fin • Muchie teșită,,Fag,https://milano-parquet.com/prodotti/spina-90-faggio/,,
,,,,Spina 90° Noce Europeo Prima 14x90x600,,Periat • Muchie teșită,,Nuc,https://milano-parquet.com/prodotti/spina-90-noce-europeo-prima-90x600/,,
,,,,Spina 90° Noce Europeo Prima 14x53x500,,,,,https://milano-parquet.com/prodotti/spina-90-noce-europeo-prima-53x500/,,
,,,Chevron 45°,Chevron 45° Rovere Naturale 11x90x620,Prima,Periat • Muchie teșită,Chevron 45°,Stejar,https://milano-parquet.com/prodotti/chevron-45-rovere-naturale/,,
,,,,Chevron 45° Rovere Light Smoked 11x90x620,,,,,https://milano-parquet.com/prodotti/chevron-45-rovere-light-smoked/,,
,,,,Chevron 45° Rovere Naturale 14x125x680,,,,,https://milano-parquet.com/prodotti/chevron-45-rovere-naturale-125x680/,,
,,,,Chevron 45° Rovere Naturalizzato 14x125x680,,,,,https://milano-parquet.com/prodotti/chevron-45-rovere-naturalizzato-125x680/,,
,,,,Chevron 45° Rovere Dark Smoked 14x125x680,,,,,https://milano-parquet.com/prodotti/chevron-45-rovere-dark-smoked-125x680/,,
,,,,Chevron 45° Rovere Naturalizzato 10x70x530,,,,,https://milano-parquet.com/prodotti/chevron-45-rovere-naturalizzato-70x530/,,
,,,ILW Duomo Spina 90°,ILW Duomo Spina 90° Rovere Naturale,Natur,Periat • Muchie teșită,Spina 90° ,Stejar,https://milano-parquet.com/prodotti/ilw-duomo-spina-90-rovere-naturale-natur/,,
,,,,,Select,,,,https://milano-parquet.com/prodotti/ilw-duomo-spina-90-rovere-naturale-select/,,
,,,,ILW Duomo Spina 90° Rovere Naturalizzato Select,Select,,,,https://milano-parquet.com/prodotti/ilw-duomo-spina-90-rovere-naturalizzato-select/,,
,,,,ILW Duomo Spina 90° Rovere Light Smoked,Natur,,,,https://milano-parquet.com/prodotti/ilw-duomo-spina-90-rovere-light-smoked-natur/,,
,,,,,Select,,,,https://milano-parquet.com/prodotti/ilw-duomo-spina-90-rovere-light-smoked-select/,,
,OUTDOOR DECK,,OUTDOOR,Bamboo Dark Brown,,Șlefuit sau cu canelate,PLACI,Bambus termocompozit,https://milano-parquet.com/prodotti/bamboo-dark-brown/,,
,,,,Teak Asia,,Șlefuit ,,Tec,https://milano-parquet.com/prodotti/teak-asia/,,
,,,,Bamboo Light Brown,,Șlefuit sau cu canelate,,Bambus termocompozit,https://milano-parquet.com/prodotti/bamboo-light-brown/,,