Categorie,Subcategorie,SUB-SUBCATEGORIE,Colectie,Nume produs,VARIANTE PRODUS,Variante culori,Link variante
PLACI CERAMICE,NICHE TILES,CE.SI.,COLORI,Bianco Matt,"5x5, 5x20, 10x10, 20x20, 10x30, 20x60",,https://www.cesiceramica.it/tile.php?idp=296
,,,,Cotone Matt,"5x5, 5x20, 10x10, 20x20, 10x30, 20x60",,https://www.cesiceramica.it/tile.php?idp=301
,,,,Canapa Matt,"5x5, 5x20, 10x10, 20x20, 10x30, 20x60",,https://www.cesiceramica.it/tile.php?idp=297
,,,,Tortora Matt,"5x5, 5x20, 10x10, 20x20, 10x30, 20x60",,https://www.cesiceramica.it/tile.php?idp=326
,,,,Torba Matt,"5x5, 5x20, 10x10, 20x20,",,https://www.cesiceramica.it/tile.php?idp=325
,,,,Nero Matt,"5x5, 5x20, 10x10, 20x20, 10x30, 20x60",,https://www.cesiceramica.it/tile.php?idp=316
,,,,Salvia Matt,"5x5, 5x20, 10x10, 20x20, ",,https://www.cesiceramica.it/tile.php?idp=323
,,,,Avio Matt,"5x5, 5x20, 10x10, 20x20, ",,https://www.cesiceramica.it/tile.php?idp=292
,,,,Petrolio Lucidi,"5x5, 10x10, 20x20, ",,https://www.cesiceramica.it/tile.php?idp=835
,,,,Paprika Matt,"5x5, 5x20, 10x10, 20x20, ",,https://www.cesiceramica.it/tile.php?idp=853
,,,,Rubino,"5x5, 5x20, 10x10, 20x20, ",,https://www.cesiceramica.it/tile.php?idp=322
,,,REVERSO,Talco,"7,5x15, 7,5x7",,https://www.cesiceramica.it/tile.php?idp=900
,,,,Bianco,"7,5x15, 7,5x7",,https://www.cesiceramica.it/tile.php?idp=893
,,,,Cotone,"7,5x15, 7,5x7",,https://www.cesiceramica.it/tile.php?idp=911
,,,,Nero,"7,5x15, 7,5x7",,https://www.cesiceramica.it/tile.php?idp=894
,,,,Pompelmo,"7,5x15, 7,5x7",,https://www.cesiceramica.it/tile.php?idp=898
,,,,Paprika,"7,5x15, 7,5x7",,https://www.cesiceramica.it/tile.php?idp=897
,,,,Avocado,"7,5x15, 7,5x7",,https://www.cesiceramica.it/tile.php?idp=914
,,,,Anice,"7,5x15, 7,5x7",,https://www.cesiceramica.it/tile.php?idp=896
,,,,Pioggia,"7,5x15, 7,5x7",,https://www.cesiceramica.it/tile.php?idp=895
,,,Astratto 10x10,Tratto SODIO,,,https://www.cesiceramica.it/tile.php?idp=947
,,,,Tratto SABBIA,,,https://www.cesiceramica.it/tile.php?idp=946
,,,,Tratto RUGGINE,,,https://www.cesiceramica.it/tile.php?idp=951
,,,,Tratto OSSIDO,,,https://www.cesiceramica.it/tile.php?idp=949
,,,,Tratto ACQUA,,,https://www.cesiceramica.it/tile.php?idp=950
,,,,Tratto AGATA,,,https://www.cesiceramica.it/tile.php?idp=948
,,,,Obliquo SODIO,,,https://www.cesiceramica.it/tile.php?idp=943
,,,,Obliquo SABBIA,,,https://www.cesiceramica.it/tile.php?idp=945
,,,,Obliquo RUGGINE,,,https://www.cesiceramica.it/tile.php?idp=941
,,,,Obliquo OSSIDO,,,https://www.cesiceramica.it/tile.php?idp=940
,,,,Obliquo ACQUA,,,https://www.cesiceramica.it/tile.php?idp=939
,,,,Obliquo AGATA,,,https://www.cesiceramica.it/tile.php?idp=942
