Categorie,Subcategorie,SUB-SUBCATEGORIE,Colectie,Nume produs,Variante LEMN/METAL,Variante PIELE,Variante TEXTIL,Link variante,COD REFERINTA,obs
MOBILIER,INTERIOR,FOTOLII,Peter Fehrentz,OSO,,Leather Lugano / 2204,Linara / 98 / truffle,https://www.more-moebel.de/en/item/oso-easy-chair,,DACA N-ARATA CA NAIBA - PUNETI TOATE FINISAJELE DISPONIBILE INTR-O RUBRICA DIN DREAPTA POZEI - VARIANTE DISPONIBILE -  SI SA FIE SUBIMPARTITE CA LA ASTIA PE SITE IDK
,,,,,,Leather Lugano / 0509,Linara / 192 / chinchilla,,,
,,,,,,Leather Lugano / 2594,Linara / 197 / gris,,,
,,,,,,Leather Orta / 3654,Linara / 210 / feathergrey,,,
,,,,,,Leather Orta / 2159,Rami / 6810,,,
,,,,,,leather Orta / 2491,Clunis / 05,,,
,,,,,,Leather Orta / 1431,Gent / 02,,,
,,,Bernhard Müller,SOVA I,,Leather Lugano / 2204,Linara / 98 / truffle,https://www.more-moebel.de/en/item/sova-lounge-chair,,
,,,,,,Leather Lugano / 0509,Linara / 192 / chinchilla,,,
,,,,,,Leather Lugano / 2594,Linara / 197 / gris,,,
,,,,,,Leather Orta / 3654,Linara / 210 / feathergrey,,,
,,,,,,Leather Orta / 2159,Rami / 6810,,,
,,,,,,leather Orta / 2491,Clunis / 05,,,
,,,,,,Leather Orta / 1431,Gent / 02,,,
,,,Bernhard Müller,SOVA II,,Leather Lugano / 2204,Linara / 98 / truffle,https://www.more-moebel.de/en/item/sova-chaise-longue,,
,,,,,,Leather Lugano / 0509,Linara / 192 / chinchilla,,,
,,,,,,Leather Lugano / 2594,Linara / 197 / gris,,,
,,,,,,Leather Orta / 3654,Linara / 210 / feathergrey,,,
,,,,,,Leather Orta / 2159,Rami / 6810,,,
,,,,,,leather Orta / 2491,Clunis / 05,,,
,,,,,,Leather Orta / 1431,Gent / 02,,,
,,BANCHETE,Bernhard Müller,ONDA,,Leather Lugano / 2204,Linara / 98 / truffle,https://www.more-moebel.de/en/item/onda-dining-sofa,,
,,,,,,Leather Lugano / 0509,Linara / 192 / chinchilla,,,
,,,,,,Leather Lugano / 2594,Linara / 197 / gris,,,
,,,,,,Leather Orta / 3654,Linara / 210 / feathergrey,,,
,,,,,,Leather Orta / 2159,Rami / 6810,,,
,,,,,,leather Orta / 2491,Clunis / 05,,,
,,,,,,Leather Orta / 1431,Gent / 02,,,
,,, Gil Coste,LAX,steel / brushed - anthracite,Leather Lugano / 2204,Linara / 98 / truffle,https://www.more-moebel.de/en/item/lax-daybed,,
,,,,,steel / brushed - tobacco-brown,Leather Lugano / 0509,Linara / 192 / chinchilla,,,
,,,,,,Leather Lugano / 2594,Linara / 197 / gris,,,
,,,,,,Leather Orta / 3654,Linara / 210 / feathergrey,,,
,,,,,,Leather Orta / 2159,Rami / 6810,,,
,,,,,,leather Orta / 2491,Clunis / 05,,,
,,,,,,Leather Orta / 1431,Gent / 02,,,
,,SCAUNE,Bernhard Müller & Çağdaş Sarıkaya,LUZ,Natural walnut,Leather Lugano / 2204,Flash / 9843 / steel,https://www.more-moebel.de/en/item/luz-cushion-armrests,,
,,,,,Oak Black,Leather Lugano / 0509,Loop / 02 / graphite,,,
,,,,,,Leather Lugano / 2594,Loop / 01 / carbon grey,,,
,,,,,,Leather Orta / 3654,Loop / 36 / olive,,,
,,,,,,Leather Orta / 2159,Jette / 17,,,
,,,,,,leather Orta / 2491,Rami / 6972,,,
,,,,,,Leather Orta / 1431,Rami / 3072,,,
,,, Çağdaş Sarıkaya,YAN ,,Leather Lugano / 2204,Flash / 9843 / steel,https://www.more-moebel.de/en/item/yan-chair,,
,,,,,,Leather Lugano / 0509,Loop / 02 / graphite,,,
,,,,,,Leather Lugano / 2594,Loop / 01 / carbon grey,,,
,,,,,,Leather Orta / 3654,Loop / 36 / olive,,,
,,,,,,Leather Orta / 2159,Jette / 17,,,
,,,,,,leather Orta / 2491,Rami / 6972,,,
,,,,,,Leather Orta / 1431,Rami / 3072,,,
,,,Peter Fehrentz,OSO,,Leather Lugano / 2204,Flash / 9843 / steel,https://www.more-moebel.de/en/item/oso-upholstered-chair,,
,,,,,,Leather Lugano / 0509,Loop / 02 / graphite,,,
,,,,,,Leather Lugano / 2594,Loop / 01 / carbon grey,,,
,,,,,,Leather Orta / 3654,Loop / 36 / olive,,,
,,,,,,Leather Orta / 2159,Jette / 17,,,
,,,,,,leather Orta / 2491,Rami / 6972,,,
,,,,,,Leather Orta / 1431,Rami / 3072,,,
,,MESE,Peter Fehrentz,OSO,Oak Light,,,https://www.more-moebel.de/en/item/oso-table,,
,,,,,Oak Sand,,,,,
,,,,,Oak Taupe,,,,,
,,,,,Oak Basalt,,,,,
,,,,,Oak Graphit,,,,,
,,,,,Smoked Oak,,,,,
,,,,CUT I,Oak Light,,,https://www.more-moebel.de/en/item/cut-table,,
,,,,,Oak Sand,,,,,
,,,,,Oak Taupe,,,,,
,,,,,Oak Basalt,,,,,
,,,,,Oak Graphit,,,,,
,,,,,Smoked Oak,,,,,
,,,Bernhard Müller & Çağdaş Sarıkaya,EEVA,Oak Light,,,https://www.more-moebel.de/en/item/eeva-table,,
,,,,,Oak Sand,,,,,
,,,,,Oak Taupe,,,,,
,,,,,Oak Basalt,,,,,
,,,,,Oak Graphit,,,,,
,,,,,Smoked Oak,,,,,
,,,Gil Coste,NIL,Oak Light,,,https://www.more-moebel.de/en/item/nil-table,,
,,,,,Oak Sand,,,,,
,,,,,Oak Taupe,,,,,
,,,,,Oak Basalt,,,,,
,,,,,Oak Graphit,,,,,
,,,,,Smoked Oak,,,,,
,,,Peter Fehrentz,CUT II,Oak Light,,,https://www.more-moebel.de/en/item/cut-table-round,,
,,,,,Oak Sand,,,,,
,,,,,Oak Taupe,,,,,
,,,,,Oak Basalt,,,,,
,,,,,Oak Graphit,,,,,
,,,,,Smoked Oak,,,,,
,,MĂSUȚE DE CAFEA,Peter Fehrentz,CUT III,Oak Light,,,https://www.more-moebel.de/en/item/cut-coffee-table,,
,,,,,Oak Sand,,,,,
,,,,,Oak Taupe,,,,,
,,,,,Oak Basalt,,,,,
,,,,,Oak Graphit,,,,,
,,,,,Smoked Oak,,,,,
,,PATURI,Bernhard Müller,SOVA,Oak Light,Leather Lugano / 2204,Flash / 9843 / steel,https://www.more-moebel.de/en/item/sova-bed,,
,,,,,Oak Sand,Leather Lugano / 0509,Loop / 02 / graphite,,,
,,,,,Oak Taupe,Leather Lugano / 2594,Loop / 01 / carbon grey,,,
,,,,,Oak Basalt,Leather Orta / 3654,Loop / 36 / olive,,,
,,,,,Oak Graphit,Leather Orta / 2159,Jette / 17,,,
,,,,,Smoked Oak,leather Orta / 2491,Rami / 6972,,,
,,,,,Natural walnut,Leather Orta / 1431,Rami / 3072,,,
,,,Bernhard Müller,NOVA,steel / anthracite,Leather Lugano / 2204,Flash / 9843 / steel,https://www.more-moebel.de/en/item/nova-bed,,
,,,,,Aluminium anodised,Leather Lugano / 0509,Loop / 02 / graphite,,,
,,,,,,Leather Lugano / 2594,Loop / 01 / carbon grey,,,
,,,,,,Leather Orta / 3654,Loop / 36 / olive,,,
,,,,,,Leather Orta / 2159,Jette / 17,,,
,,,,,,leather Orta / 2491,Rami / 6972,,,
,,,,,,Leather Orta / 1431,Rami / 3072,,,