Categorie,Subcategorie,SUB-SUBCATEGORIE,Colectie,Nume produs,Variante culori,Link variante,COD REFERINTA
SANITARE,BATERII,DE BLAT,Tasos,Tasos high,chrome,https://www.thebathcollection.com/en/products/tasos-high-basin-faucet/,BAT_18096
,,,,Tasos low,chrome,https://www.thebathcollection.com/en/products/faucet-faucet-washbasin/,BAT_18095
,,,Milos,Milos high ,chrome,https://www.thebathcollection.com/en/products/milos-chrome-high-basin-faucet/,BAT_18080
,,,,,bronze,https://www.thebathcollection.com/en/products/milos-high-basin-faucet-bronze/,BAT_18092
,,,,,black,https://www.thebathcollection.com/en/products/milos-black-high-basin-faucet/,BAT_18084
,,,,,gun metal,https://www.thebathcollection.com/en/products/milos-gunmetal-high-basin-faucet/,BAT_18088
,,,,Milos low,chrome,https://www.thebathcollection.com/en/products/milos-chrome-basin-faucet/,BAT_18079
,,,,,bronze,https://www.thebathcollection.com/en/products/milos-basin-faucet-bronze/,BAT_18091
,,,,,black,https://www.thebathcollection.com/en/products/milos-grifo-lavabo-negro/,BAT_18083
,,,,,gun metal,https://www.thebathcollection.com/en/products/milos-grifo-lavabo-gunmetal/,BAT_18087
,,,Athenas ,Athenas medium,black,https://www.thebathcollection.com/en/products/grifo-medio-de-lavabo-athenas-negro/,BAT_18069
,,,,,GRAY,https://www.thebathcollection.com/en/products/grifo-medio-de-lavabo-athenas-gris/,BAT_18058
,,,,Athenas low,black,https://www.thebathcollection.com/en/products/athenas-low-basin-faucet-black/,BAT_18068
,,,,,GRAY,https://www.thebathcollection.com/en/products/athenas-grey-low-basin-faucet/,BAT_18057
,,DE PERETE,Tasos,Tasos recessed,chrome,https://www.thebathcollection.com/en/products/tasos-grifo-lavabo-empotrado/,BAT_18097
,,,Milos,Milos recessed,chrome,https://www.thebathcollection.com/en/products/milos-chrome-built-in-faucet/,BAT_18081
,,,,,black,https://www.thebathcollection.com/en/products/milos-grifo-empotrado-negro/,BAT_18085
,,,,,gun metal,https://www.thebathcollection.com/en/products/milos-grifo-empotrado-gunmetal/,BAT_18089
,,,Athenas ,Athenas recessed,gray,https://www.thebathcollection.com/en/products/athenas-built-in-faucet/,BAT_18060
,,FREESTANDING,Athenas ,Athenas high,black,https://www.thebathcollection.com/en/products/grifo-alto-athenas-negro/,BAT_18074
,,,,,gray,https://www.thebathcollection.com/en/products/grifo-alto-athenas-gris/,BAT_18064
,,DE BIDEU,Tasos,Tasos bidet,chrome,https://www.thebathcollection.com/en/products/tasos-bide-faucet/,BAT_18098
,,DUS,Tasos,Tasos shower,chrome,https://www.thebathcollection.com/en/products/tasos-columna-ducha/,BAT_18100
,,,,Tasos recessed,chrome,https://www.thebathcollection.com/en/products/tasos-recessed-shower-faucet/,BAT_18099
,,,Milos,Milos recessed,chrome,https://www.thebathcollection.com/en/products/milos-shower-faucet-chrome/,BAT_18082
,,,,,bronze,https://www.thebathcollection.com/en/products/milos-shower-faucet-bronze/,BAT_18094
,,,,,black,https://www.thebathcollection.com/en/products/milos-shower-faucet-black/,BAT_18086
,,,,,gun metal,https://www.thebathcollection.com/en/products/milos-gunmetal-shower-faucets/,BAT_18090
,,,Athenas ,Athenas recessed,black,https://www.thebathcollection.com/en/products/athenas-shower-faucet-black/,BAT_18076
,,,,,GRAY,https://www.thebathcollection.com/en/products/athenas-gray-shower-faucet/,BAT_18067
,,CADA,Athenas ,Athenas bathtub,GRAY,https://www.thebathcollection.com/en/products/grifo-de-banera-athenas/,BAT_18078
,,,Iconos,Iconos bathtub,GRAY,https://www.thebathcollection.com/en/products/iconos-gray-bath-faucet/,BAT_18065
,,,,,black,https://www.thebathcollection.com/en/products/griferia-de-banera-iconos-negro/,BAT_18075
,,,,,GRAY,https://www.thebathcollection.com/en/products/grifo-de-banera-iconos/,BAT_18077
,VASE DE TOALETA,SUSPENDATE,Oropesa,Oropesa I,white,https://www.thebathcollection.com/en/products/oropesa-wall-hung-toilet/,BAT_4563
,,,Evora ,Evora I,white,https://www.thebathcollection.com/en/products/evora-wall-hung-toilet/,BAT_4549
,,,Antequera,Antequera I,matte white,https://www.thebathcollection.com/en/products/antequera-suspended-matte-toilet/,BAT_4560
,,,,,matte black,https://www.thebathcollection.com/en/products/antequera-black-wall-hung-toilet/,BAT_4561
,,,,,bright white,https://www.thebathcollection.com/en/products/antequera-wall-hung-toilet-gloss/,BAT_4567
,,CU PICIOR,Oropesa,Oropesa II,white,https://www.thebathcollection.com/en/products/oropesa-floor-toilet/,BAT_4566
,,,Antequera,Antequera II,white,https://www.thebathcollection.com/en/products/antequera-inodoro-a-suelo/,BAT_4570
,BIDEURI,SUSPENDATE,Antequera,Antequera bidet I,white,https://www.thebathcollection.com/en/products/antequera-bide-suspended/,BAT_4569
,,,Evora ,Evora bidet I,white,https://www.thebathcollection.com/en/products/bide-suspendido-evora/,BAT_4550
,,,Oropesa,Oropesa bidet I,white,https://www.thebathcollection.com/en/products/oropesa-suspended-bidet/,BAT_4565
,,CU PICIOR,Oropesa,Oropesa bidet II,white,https://www.thebathcollection.com/en/products/oropesa-bide-a-suelo/,BAT_4564
,,,Antequera,Antequera bidet II,white,https://www.thebathcollection.com/en/products/antequera-bide-suelo/,BAT_4568
,LAVOARE,DE BLAT,STONE,Striae oval,BEIGE,https://www.thebathcollection.com/en/products/striae-oval-beige/,BAT_00604
,,,,,BLACK,https://www.thebathcollection.com/en/products/striae-oval-black/,BAT_00605
,,,,Striae 39,BEIGE,https://www.thebathcollection.com/en/products/striae-square-beige/,BAT_00602
,,,,,BLACK,https://www.thebathcollection.com/en/products/striae-39-square-black/,BAT_00603
,,,,Striae,BEIGE,https://www.thebathcollection.com/en/products/striae-circular-beige/,BAT_00600
,,,,,black,https://www.thebathcollection.com/en/products/striae-circular-black/,BAT_00601
,,,,Pemba,Doreng,https://www.thebathcollection.com/en/products/pemba-doreng/#material,BAT_00643
,,,,,BEIGE,https://www.thebathcollection.com/en/products/pemba-beige/,BAT_00641
,,,,,BLACK,https://www.thebathcollection.com/en/products/black-pemba/,BAT_00642
,,,,Papua A,Doreng,https://www.thebathcollection.com/en/products/papua-a-doreng/,BAT_00620
,,,,,BEIGE,https://www.thebathcollection.com/en/products/papua-beige-2/,BAT_00619
,,,,Icono,BLACK,https://www.thebathcollection.com/en/products/icono-gris/#colocacion,BAT_00339
,,,,,BEIGE,https://www.thebathcollection.com/en/products/beige-icon/,BAT_00338
,,,,Classic Cuadrado,Grey,https://www.thebathcollection.com/en/products/classic-cuadrado-grey/,BAT_00666
,,,,,Brown Trotol,https://www.thebathcollection.com/en/products/classic-cuadrado-brown-trotol/,BAT_00667
,,,,,Pink,https://www.thebathcollection.com/en/products/classic-cuadrado-pink/,BAT_00668
,,,,Classic Rectangular,Grey,https://www.thebathcollection.com/en/products/classic-rectangular-grey/,BAT_00669
,,,,,Brown Trotol,https://www.thebathcollection.com/en/products/classic-rectangular-brown-trotol/,BAT_00670
,,,,,Pink,https://www.thebathcollection.com/en/products/classic-rectangular-pink/,BAT_00671
,,,,Classic Circular,Grey,https://www.thebathcollection.com/en/products/classic-circular-grey/,BAT_00663
,,,,,Brown Trotol,https://www.thebathcollection.com/en/products/classic-circular-brown-trotol/,BAT_00664
,,,,,Pink,https://www.thebathcollection.com/en/products/classic-circular-pink/,BAT_00665
,,,,Boracay,Beige,https://www.thebathcollection.com/en/products/boracay-beige/,BAT_00675
,,,,,Grey,https://www.thebathcollection.com/en/products/boracay-gris/,BAT_00676
,,,,Ticao Circular,BEIGE,https://www.thebathcollection.com/en/products/ticao-circular/,BAT_00655
,,,,Ticao Cuadrado,BEIGE,https://www.thebathcollection.com/en/products/ticao-cuadrado/,BAT_00656
,,,,Morella,BEIGE,https://www.thebathcollection.com/en/products/circular-morella/,BAT_00629
,,,,Morella cuadrado,BEIGE,https://www.thebathcollection.com/en/products/morella-square/,BAT_00630
,,,,Morella oval,BEIGE,https://www.thebathcollection.com/en/products/morella-oval/,BAT_00631
,,,,Papua C,Beige,https://www.thebathcollection.com/en/products/papua-c-beige/,BAT_00632
,,,,,Doreng,https://www.thebathcollection.com/en/products/papua-c-doreng/,BAT_00633
,,,,Papua,Beige,https://www.thebathcollection.com/en/products/beige-papua/,BAT_00621
,,,,,Doreng,https://www.thebathcollection.com/en/products/papua-doreng/,BAT_00622
,,,,Mimika C,Beige,https://www.thebathcollection.com/en/products/mimika-c-beige/,BAT_00636
,,,,,Doreng,https://www.thebathcollection.com/en/products/mimika-c-doreng/,BAT_00637
,,,,Mimika,Beige,https://www.thebathcollection.com/en/products/mimika-beige/,BAT_00627
,,,,,Doreng,https://www.thebathcollection.com/en/products/mimika-doreng/,BAT_00628
,,,,Mappi C,Beige,https://www.thebathcollection.com/en/products/mappi-c-beige/,BAT_00634
,,,,,Doreng,https://www.thebathcollection.com/en/products/mappi-c-doreng/,BAT_00635
,,,,Mappi,Beige,https://www.thebathcollection.com/en/products/beige-mappi/,BAT_00623
,,,,,Doreng,https://www.thebathcollection.com/en/products/mappi-doreng/,BAT_00624
,,,,Mauritius,bicolor ,https://www.thebathcollection.com/en/products/mauritius/,BAT_00386
,,,,Gorea,Doreng,https://www.thebathcollection.com/en/products/gorea-doreng/,BAT_00640
,,,,,Beige,https://www.thebathcollection.com/en/products/gorea-beige/,BAT_00638
,,,,,Dark Gray,https://www.thebathcollection.com/en/products/gray-gore/,BAT_00639
,,,,Duotono B,Beige,https://www.thebathcollection.com/en/products/duotone-b/,BAT_00365
,,,Cement,Suances,gray,https://www.thebathcollection.com/en/products/suances/,BAT_08034
,,,,Parbayón,gray,https://www.thebathcollection.com/en/products/parbayon/,BAT_08016
,,,,Parbayón terrazzo,Light terrazzo,https://www.thebathcollection.com/en/products/parbayon-terrazzo/,BAT_08015
,,,,Nestares,Tile,https://www.thebathcollection.com/en/products/nestares-teja/,BAT_08051/TJ
,,,,,Light Gray,https://www.thebathcollection.com/en/products/nestares-grisclaro/,BAT_08051/GC
,,,,,Dark Gray,https://www.thebathcollection.com/en/products/nestares-grisoscuro/,BAT_08051/GO
,,,METALIC,Detroit alto,Brushed steel,https://www.thebathcollection.com/en/products/detroit-alto-cepillado/#colocacion,BAT_8351
,,,,,Bronze,https://www.thebathcollection.com/en/products/detroit-high-bronze/,BAT_8353
,,,,,Gun Metal,https://www.thebathcollection.com/en/products/detroit-alto-gunmetal/,BAT_8352
,,,,Detroit rectangular,Brushed steel,https://www.thebathcollection.com/en/products/detroit-rectangular-cepillado/,BAT_8345
,,,,,Bronze,https://www.thebathcollection.com/en/products/detroit-rectangular-bronce/,BAT_8347
,,,,,Gun Metal,https://www.thebathcollection.com/en/products/detroit-rectangular-gunmetal/,BAT_8346
,,,,Detroit oval,Brushed steel,https://www.thebathcollection.com/en/products/detroit-oval-cepillado/,BAT_8357
,,,,,Bronze,https://www.thebathcollection.com/en/products/detroit-oval-bronze/,BAT_8359
,,,,,Gun Metal,https://www.thebathcollection.com/en/products/detroit-oval-gunmetal/,BAT_8358
,,,,Detroit cuadrado,Brushed steel,https://www.thebathcollection.com/en/products/detroit-square-brushed/,BAT_8342
,,,,,Bronze,https://www.thebathcollection.com/en/products/detroit-square-bronze/,BAT_8344
,,,,,Gun Metal,https://www.thebathcollection.com/en/products/detroit-cuadrado-gunmetal/,BAT_8343
,,,,Detroit circular,Brushed steel,https://www.thebathcollection.com/en/products/circular-brushed-detroit/,BAT_8339
,,,,,Bronze,https://www.thebathcollection.com/en/products/detroit-circular-bronze/,BAT_8341
,,,,,Gun Metal,https://www.thebathcollection.com/en/products/detroit-circular-gunmetal/,BAT_8340
,,,,Detroit Circular B,Brushed steel,https://www.thebathcollection.com/en/products/detroit-circular-b-cepillado/,BAT_8376
,,,,,Gun metal,https://www.thebathcollection.com/en/products/detroit-circular-b-gun-metal/,BAT_8377
,,,,Hekla,White,https://www.thebathcollection.com/en/products/hekla/,BAT_4255
,,,,,Matte white,https://www.thebathcollection.com/en/products/hekla-mate/,BAT_4256
,,,Porcelain,Dinan 38 Traquita,Grey Blue,https://www.thebathcollection.com/en/products/dinan-38-trachyte-greyblue/#material,BAT_01004
,,,,,Aquamarina,https://www.thebathcollection.com/en/products/dinan-38-traquita-aguamarina/,BAT_01005
,,,,,Rose Brown,https://www.thebathcollection.com/en/products/dinan-38-trachyte-rosebrown/,BAT_01006
,,,,,Cream,https://www.thebathcollection.com/en/products/dinan-38-trachyte-cream/,BAT_01002
,,,,Seceda Oval,white,https://www.thebathcollection.com/en/products/seceda-oval/,BAT_6068
,,,,Seceda Cuadrado,white,https://www.thebathcollection.com/en/products/seceda-cuadrado/,BAT_6067
,,,,Seceda Circular,white,https://www.thebathcollection.com/en/products/seceda-circular/,BAT_6066
,,,,Dinan Circular Colors,Tan,https://www.thebathcollection.com/en/products/dinan-circular-tan/,BAT_4313
,,,,,Pearl,https://www.thebathcollection.com/en/products/dinan-circular-pearl/,BAT_4314
,,,,,Plumb,https://www.thebathcollection.com/en/products/dinan-circular-plumb/,BAT_4316
,,,,,Matte white,https://www.thebathcollection.com/en/products/dinan-circular-38-blancomate/,BAT_4151
,,,,,White,https://www.thebathcollection.com/en/products/dinan-circular-38-white/,BAT_4174
,,,,,Natural porcelain,https://www.thebathcollection.com/en/products/dinan-circular-cru/,BAT_4174/CRU
,,,,Wadi Rustico,Rustic,https://www.thebathcollection.com/en/products/wadi-rustico/,BAT_00446
,,,,Wadi Grey,Gray,https://www.thebathcollection.com/en/products/wadi-gris/,BAT_00454
,,,,New Cuenca,Natural porcelain,https://www.thebathcollection.com/en/products/new-cuenca/,BAT_4033B/CRU
,,,,Luena 1000,White,https://www.thebathcollection.com/en/products/luena-1000/,BAT_6007
,,,,Luena 600,White,https://www.thebathcollection.com/en/products/luena-600/,BAT_6006
,,,,Luena 450,White,https://www.thebathcollection.com/en/products/luena-450/,BAT_6005
,,,,Florencia,White,https://www.thebathcollection.com/en/products/florence/,BAT_4057
,,,,Belted,White,https://www.thebathcollection.com/en/products/belted/,BAT_6015
,,,,Rennes,Gray,https://www.thebathcollection.com/en/products/rennes/,BAT_4118
,,,WOOD,Damasco,Bamboo,https://www.thebathcollection.com/en/products/damasco/,BAT_5052
,,,,Agra Oval,Wood,https://www.thebathcollection.com/en/products/agra-oval/,BAT_5044
,,,,Agra Cuadrado,Wood,https://www.thebathcollection.com/en/products/agra-cuadrado/,BAT_5042
,,,Composite,Rosario,White,https://www.thebathcollection.com/en/products/rosario-blanco/,BAT_6045
,,,,,Light gray,https://www.thebathcollection.com/en/products/rosario-grisclaro/,BAT_6046
,,,,,Dark Gray,https://www.thebathcollection.com/en/products/rosario-grisoscuro/,BAT_6047
,,SUSPENDATE,Porcelain,Set Belted,Taupe,https://www.thebathcollection.com/en/products/set-belted-taupe/#colocacion,BAT_6075
,,,,,Paprika,https://www.thebathcollection.com/en/products/set-belted-paprika/,BAT_6076
,,,,,Ocean,https://www.thebathcollection.com/en/products/set-belted-ocean/,BAT_6077
,,,,,Azure,https://www.thebathcollection.com/en/products/set-belted-azure/,BAT_6078
,,,,,Pale,https://www.thebathcollection.com/en/products/set-belted-pale/,BAT_6079
,,,,,Nero,https://www.thebathcollection.com/en/products/set-belted-nero/,BAT_6080
,,,,Marsella,White,https://www.thebathcollection.com/en/products/marsella/,BAT_4036
,,,,Hamburg,White,https://www.thebathcollection.com/en/products/hamburg/,BAT_H1012
,,,,Fuengirola,White,https://www.thebathcollection.com/en/products/fuengirola/,BAT_0065B
,,,,Bruselas 900,White,https://www.thebathcollection.com/en/products/brussels-900/,BAT_4108
,,,,Bruselas 600,White,https://www.thebathcollection.com/en/products/brussels-600/,BAT_4106
,,,,Bruselas 500,White,https://www.thebathcollection.com/en/products/brussels-500/,BAT_4105
,,,,Ice Cream,White,https://www.thebathcollection.com/en/products/ice-cream/,BAT_0078
,,,,Bolonia,White,https://www.thebathcollection.com/en/products/bolonia/,BAT_0010
,,,Metallic,Detroit pared,Gun Metal,https://www.thebathcollection.com/en/products/detroit-pared-gunmetal/,BAT_8361
,,,,,Bronze,https://www.thebathcollection.com/en/products/detroit-pared-bronce/,BAT_8362
,,,,,Brushed steel,https://www.thebathcollection.com/en/products/detroit-brushed-wall/,BAT_8360
,,SUB BLAT,Porcelain,Torino,White,https://www.thebathcollection.com/en/products/torino-380/,BAT_0051N
,,,,Modena,White,https://www.thebathcollection.com/en/products/modena/,BAT_0054
,,,,Cerdeña,White,https://www.thebathcollection.com/en/products/cerdena-435/,BAT_0052
,,,,Ancona,White,https://www.thebathcollection.com/en/products/ancona/,BAT_0053
,,SEMI-INCASTRATE,Porcelain,Buelna,White,https://www.thebathcollection.com/en/products/buelna/#colocacion,BAT_4124
,,,,Colloto,White,https://www.thebathcollection.com/en/products/colloto/,BAT_0515
,,,,Verona,White,https://www.thebathcollection.com/en/products/verona/,BAT_0538
,,,,Satélite,White,https://www.thebathcollection.com/en/products/satellite/,BAT_0578
,,,,Manhattan,White,https://www.thebathcollection.com/en/products/manhattan-1000/,BAT_0506
,,,,,,https://www.thebathcollection.com/en/products/manhattan-800/,BAT_0505
,,,Stone,Vulka,Beige,https://www.thebathcollection.com/en/products/vulka-beige/#colocacion,BAT_00369D
,,,,,Black,https://www.thebathcollection.com/en/products/black-vulka/,BAT_00370D
,,FREESTANDING,Porcelain,Belted Columna,Taupe,https://www.thebathcollection.com/en/products/belted-columna-taupe/#material,BAT_6069
,,,,,Paprika,https://www.thebathcollection.com/en/products/belted-columna-paprika/#colocacion,BAT_6070
,,,,,Ocean,https://www.thebathcollection.com/en/products/belted-columna-ocean/,BAT_6071
,,,,,Azure,https://www.thebathcollection.com/en/products/belted-columna-azure/,BAT_6072
,,,,,Pale,https://www.thebathcollection.com/en/products/belted-columna-pale/,BAT_6073
,,,,,Nero,https://www.thebathcollection.com/en/products/belted-columna-nero/,BAT_6074
,,,,Arenas,White,https://www.thebathcollection.com/en/products/sands/,BAT_4164
,,,,Barros,White,https://www.thebathcollection.com/en/products/barros/,BAT_6013
,,,Stone,Bohol,Gray,https://www.thebathcollection.com/en/products/gray-bohol/,BAT_00649
,,,,,Doreng,https://www.thebathcollection.com/en/products/bohol-doreng/,BAT_00650
,,,,,Beige,https://www.thebathcollection.com/en/products/bohol-beige/,BAT_00648
,,,,Striae pedestal,Beige,https://www.thebathcollection.com/en/products/striae-pedestal-beige/,BAT_00606
,,,,,Black,https://www.thebathcollection.com/en/products/striae-black-pedestal/,BAT_00607
,,,,Fuji Pedestal,Grey,https://www.thebathcollection.com/en/products/fuji-grey/,BAT_00672
,,,,,Brown Trotol,https://www.thebathcollection.com/en/products/fuji-brown-trotol/,BAT_00673
,,,,,Pink,https://www.thebathcollection.com/en/products/fuji-pink/,BAT_00674
,,,WOOD,Damasco Pedestal,Bamboo,https://www.thebathcollection.com/en/products/damasco-pedestal/,BAT_5055
,,,,,Brushed steel,https://www.thebathcollection.com/en/products/damasco-pedestal-brushed/,BAT_5056
,,,,,Gun metal,https://www.thebathcollection.com/en/products/damasco-pedestal-gun-metal/,BAT_5057
,,,,Treviso pedestal,Brushed steel,https://www.thebathcollection.com/en/products/treviso-brushed-pedestal/,BAT_5025
,,,,,Gun metal,https://www.thebathcollection.com/en/products/treviso-pedestal-gunmetal/,BAT_5026
,,,,Kalasin,bamboo,https://www.thebathcollection.com/en/products/kalasin/,BAT_8274
,,,Metallic,Detroit pedestal,Gun Metal,https://www.thebathcollection.com/en/products/detroit-pedestal-gunmetal/,BAT_8349
,,,,,Bronze,https://www.thebathcollection.com/en/products/detroit-pedestal-bronce/,BAT_8350
,,,,,Brushed steel,https://www.thebathcollection.com/en/products/detroit-pedestal-cepillado/,BAT_8348
,,,,Malay A,Gray,https://www.thebathcollection.com/en/products/gray-malay/,BAT_8369
,,,,,White,https://www.thebathcollection.com/en/products/malay-blanco/,BAT_8370
,,,,,Rose Gold,https://www.thebathcollection.com/en/products/malay-rosegold/,BAT_8371
,,,,Malay B,Rose Gold,https://www.thebathcollection.com/en/products/malay-b-rosegold/,BAT_8374
,,,,,Gray,https://www.thebathcollection.com/en/products/malay-b-gris/,BAT_8372
,,,,,White,https://www.thebathcollection.com/en/products/malay-b-blanco/,BAT_8373
,DUSURI,DUS,Stone,Versailles,Beige,https://www.thebathcollection.com/en/products/versalles-beige-shower-tray/,BAT_00352
,,,,,Black,https://www.thebathcollection.com/en/products/black-versalles-shower-tray/,BAT_00353
,,,,Oco,Beige,https://www.thebathcollection.com/en/products/plato-de-ducha-oco-beige/,BAT_00344
,,,,,Black,https://www.thebathcollection.com/en/products/plato-de-ducha-oco-negro/,BAT_00345
,,,,Simi,Beige,https://www.thebathcollection.com/en/products/simi-shower-tray/,BAT_00334
,,,,Icono,Beige,https://www.thebathcollection.com/en/products/icon-shower-tray/,BAT_00340
,CAZI,CAZI,Stone,Simi bathtub,Beige,https://www.thebathcollection.com/en/products/simi-beige-bathtub/,BAT_00336
,,,,,Black,https://www.thebathcollection.com/en/products/simi-bench-black/,BAT_00337
,ACCESORII SI PIESE TEHNICE,PIEDESTALE,Complements,Chester,Black,https://www.thebathcollection.com/en/products/black-chester/,BAT_8229
,,,,,White,https://www.thebathcollection.com/en/products/white-chester/,BAT_8228
,,,,Pedestal steel bars,Gray,https://www.thebathcollection.com/en/products/pedestal-steel-bars/,BAT_8216
,,,,Pedestal wooden bars,WOOD,https://www.thebathcollection.com/en/products/pedestal-wooden-bars/,BAT_8226
,,,,Wooden pedestal 440,WOOD,https://www.thebathcollection.com/en/products/circular-wooden-pedestal/,BAT_8224
,,,,Wooden pedestal 570,WOOD,https://www.thebathcollection.com/en/products/pedestal-de-madera-cuadrado/,BAT_8225
,,,,Halong,WOOD,https://www.thebathcollection.com/en/products/halong-bamboo/,BAT_8268
,,,,Sisaket,WOOD,https://www.thebathcollection.com/en/products/sisaket/,BAT_8273
,,,,Pleiku,WOOD,https://www.thebathcollection.com/en/products/pleiku/,BAT_8272
,,ACCESORII,siphon,Round siphon,Rose Gold,https://www.thebathcollection.com/en/products/bronze-round-siphon/,BAT_0209RG
,,,,,Metal,https://www.thebathcollection.com/en/products/round-siphon/,BAT_0209
,,,,,White,https://www.thebathcollection.com/en/products/white-round-siphon/,BAT_0209BL
,,,,,Black,https://www.thebathcollection.com/en/products/black-round-siphon/,BAT_0209NE
,,,,Valve and siphon set,Gray,https://www.thebathcollection.com/en/products/valve-and-siphon-set/,BAT_0219
