id,product_id,pdf_id,sort_order,created_at
1,400,1,0,2026-05-10 17:27:30
2,401,2,0,2026-05-10 17:27:30
3,402,3,0,2026-05-10 17:27:30
4,403,4,0,2026-05-10 17:27:30
5,404,5,0,2026-05-10 17:27:30
6,405,6,0,2026-05-10 17:27:30
7,406,7,0,2026-05-10 17:27:30
8,407,8,0,2026-05-10 17:27:30
9,408,9,0,2026-05-10 17:27:30
10,409,10,0,2026-05-10 17:27:30
11,410,11,0,2026-05-10 17:27:30
12,411,12,0,2026-05-10 17:27:30
13,412,13,0,2026-05-10 17:27:30
14,413,14,0,2026-05-10 17:27:30
15,414,15,0,2026-05-10 17:27:30
16,415,16,0,2026-05-10 17:27:30
17,416,17,0,2026-05-10 17:27:30
18,417,18,0,2026-05-10 17:27:30
19,417,19,1,2026-05-10 17:27:30
20,417,20,2,2026-05-10 17:27:30
21,418,21,0,2026-05-10 17:27:30
22,418,19,1,2026-05-10 17:27:30
23,418,20,2,2026-05-10 17:27:30
24,419,22,0,2026-05-10 17:27:30
25,419,19,1,2026-05-10 17:27:30
26,419,20,2,2026-05-10 17:27:30
27,420,23,0,2026-05-10 17:27:30
28,420,19,1,2026-05-10 17:27:30
29,420,24,2,2026-05-10 17:27:30
30,421,25,0,2026-05-10 17:27:30
31,421,19,1,2026-05-10 17:27:30
32,421,24,2,2026-05-10 17:27:30
33,422,26,0,2026-05-10 17:27:30
34,422,27,1,2026-05-10 17:27:30
35,423,28,0,2026-05-10 17:27:30
36,423,27,1,2026-05-10 17:27:30
37,424,29,0,2026-05-10 17:27:30
38,424,27,1,2026-05-10 17:27:30
39,425,30,0,2026-05-10 17:27:30
40,425,27,1,2026-05-10 17:27:30
41,426,31,0,2026-05-10 17:27:30
42,426,27,1,2026-05-10 17:27:30
43,427,32,0,2026-05-10 17:27:30
44,427,33,1,2026-05-10 17:27:30
45,427,34,2,2026-05-10 17:27:30
46,428,35,0,2026-05-10 17:27:30
47,428,33,1,2026-05-10 17:27:30
48,428,34,2,2026-05-10 17:27:30
49,429,36,0,2026-05-10 17:27:30
50,429,33,1,2026-05-10 17:27:30
51,429,34,2,2026-05-10 17:27:30
52,430,37,0,2026-05-10 17:27:30
53,430,33,1,2026-05-10 17:27:30
54,430,34,2,2026-05-10 17:27:30
55,431,38,0,2026-05-10 17:27:30
56,431,33,1,2026-05-10 17:27:30
57,431,34,2,2026-05-10 17:27:30
58,432,39,0,2026-05-10 17:27:30
59,432,33,1,2026-05-10 17:27:30
60,432,34,2,2026-05-10 17:27:30
61,433,40,0,2026-05-10 17:27:30
62,433,33,1,2026-05-10 17:27:30
63,433,34,2,2026-05-10 17:27:30
64,434,41,0,2026-05-10 17:27:30
65,434,33,1,2026-05-10 17:27:30
66,434,34,2,2026-05-10 17:27:30
67,435,42,0,2026-05-10 17:27:30
68,435,33,1,2026-05-10 17:27:30
69,435,34,2,2026-05-10 17:27:30
70,436,43,0,2026-05-10 17:27:30
71,436,33,1,2026-05-10 17:27:30
72,436,34,2,2026-05-10 17:27:30
73,437,44,0,2026-05-10 17:27:30
74,437,33,1,2026-05-10 17:27:30
75,437,34,2,2026-05-10 17:27:30
76,438,45,0,2026-05-10 17:27:30
77,438,33,1,2026-05-10 17:27:30
78,438,34,2,2026-05-10 17:27:30
79,439,46,0,2026-05-10 17:27:30
80,439,33,1,2026-05-10 17:27:30
81,439,34,2,2026-05-10 17:27:30
82,440,47,0,2026-05-10 17:27:30
83,440,33,1,2026-05-10 17:27:30
84,440,34,2,2026-05-10 17:27:30
85,441,48,0,2026-05-10 17:27:30
86,441,33,1,2026-05-10 17:27:30
87,441,34,2,2026-05-10 17:27:30
88,442,49,0,2026-05-10 17:27:30
89,442,33,1,2026-05-10 17:27:30
90,442,34,2,2026-05-10 17:27:30
91,443,50,0,2026-05-10 17:27:30
92,443,33,1,2026-05-10 17:27:30
93,443,34,2,2026-05-10 17:27:30
94,444,51,0,2026-05-10 17:27:30
95,444,33,1,2026-05-10 17:27:30
96,444,34,2,2026-05-10 17:27:30
97,445,52,0,2026-05-10 17:27:30
98,445,33,1,2026-05-10 17:27:30
99,445,34,2,2026-05-10 17:27:30
100,446,53,0,2026-05-10 17:27:30
101,446,33,1,2026-05-10 17:27:30
102,446,34,2,2026-05-10 17:27:30
103,447,54,0,2026-05-10 17:27:30
104,447,33,1,2026-05-10 17:27:30
105,447,34,2,2026-05-10 17:27:30
106,448,55,0,2026-05-10 17:27:30
107,448,33,1,2026-05-10 17:27:30
108,448,34,2,2026-05-10 17:27:30
109,449,56,0,2026-05-10 17:27:30
110,449,33,1,2026-05-10 17:27:30
111,449,34,2,2026-05-10 17:27:30
112,450,57,0,2026-05-10 17:27:30
113,450,33,1,2026-05-10 17:27:30
114,450,34,2,2026-05-10 17:27:30
115,451,58,0,2026-05-10 17:27:30
116,451,59,1,2026-05-10 17:27:30
117,451,34,2,2026-05-10 17:27:30
118,452,60,0,2026-05-10 17:27:30
119,452,59,1,2026-05-10 17:27:30
120,452,34,2,2026-05-10 17:27:30
121,453,61,0,2026-05-10 17:27:30
122,453,34,1,2026-05-10 17:27:30
123,454,62,0,2026-05-10 17:27:30
124,454,59,1,2026-05-10 17:27:30
125,454,34,2,2026-05-10 17:27:30
126,455,63,0,2026-05-10 17:27:30
127,455,64,1,2026-05-10 17:27:30
128,455,34,2,2026-05-10 17:27:30
129,456,65,0,2026-05-10 17:27:30
130,456,64,1,2026-05-10 17:27:30
131,456,34,2,2026-05-10 17:27:30
132,457,66,0,2026-05-10 17:27:30
133,457,64,1,2026-05-10 17:27:30
134,457,34,2,2026-05-10 17:27:30
135,458,67,0,2026-05-10 17:27:30
136,458,64,1,2026-05-10 17:27:30
137,458,34,2,2026-05-10 17:27:30
138,459,68,0,2026-05-10 17:27:30
139,459,64,1,2026-05-10 17:27:30
140,459,34,2,2026-05-10 17:27:30
141,460,69,0,2026-05-10 17:27:30
142,460,64,1,2026-05-10 17:27:30
143,460,34,2,2026-05-10 17:27:30
144,461,70,0,2026-05-10 17:27:30
145,461,71,1,2026-05-10 17:27:30
146,461,34,2,2026-05-10 17:27:30
147,462,72,0,2026-05-10 17:27:30
148,462,73,1,2026-05-10 17:27:30
149,462,71,2,2026-05-10 17:27:30
150,462,34,3,2026-05-10 17:27:30
151,463,74,0,2026-05-10 17:27:30
152,463,75,1,2026-05-10 17:27:30
153,463,34,2,2026-05-10 17:27:30
154,464,76,0,2026-05-10 17:27:30
155,464,75,1,2026-05-10 17:27:30
156,464,34,2,2026-05-10 17:27:30
157,465,77,0,2026-05-10 17:27:30
158,465,75,1,2026-05-10 17:27:30
159,465,34,2,2026-05-10 17:27:30
160,466,78,0,2026-05-10 17:27:30
161,466,71,1,2026-05-10 17:27:30
162,466,34,2,2026-05-10 17:27:30
163,467,79,0,2026-05-10 17:27:30
164,467,73,1,2026-05-10 17:27:30
165,467,71,2,2026-05-10 17:27:30
166,467,34,3,2026-05-10 17:27:30
167,468,80,0,2026-05-10 17:27:30
168,468,73,1,2026-05-10 17:27:30
169,468,71,2,2026-05-10 17:27:30
170,468,34,3,2026-05-10 17:27:30
171,469,81,0,2026-05-10 17:27:30
172,469,73,1,2026-05-10 17:27:30
173,469,71,2,2026-05-10 17:27:30
174,469,34,3,2026-05-10 17:27:30
175,470,82,0,2026-05-10 17:27:30
176,470,75,1,2026-05-10 17:27:30
177,471,83,0,2026-05-10 17:27:30
178,471,75,1,2026-05-10 17:27:30
179,472,84,0,2026-05-10 17:27:30
180,472,75,1,2026-05-10 17:27:30
181,473,85,0,2026-05-10 17:27:30
182,473,73,1,2026-05-10 17:27:30
183,473,71,2,2026-05-10 17:27:30
184,473,34,3,2026-05-10 17:27:30
185,474,86,0,2026-05-10 17:27:30
186,474,75,1,2026-05-10 17:27:30
187,475,87,0,2026-05-10 17:27:30
188,475,73,1,2026-05-10 17:27:30
189,475,71,2,2026-05-10 17:27:30
190,475,34,3,2026-05-10 17:27:30
191,476,88,0,2026-05-10 17:27:30
192,476,89,1,2026-05-10 17:27:30
193,476,34,2,2026-05-10 17:27:30
194,477,90,0,2026-05-10 17:27:30
195,477,91,1,2026-05-10 17:27:30
196,477,34,2,2026-05-10 17:27:30
197,478,92,0,2026-05-10 17:27:30
198,478,91,1,2026-05-10 17:27:30
199,478,34,2,2026-05-10 17:27:30
200,479,93,0,2026-05-10 17:27:30
201,479,34,1,2026-05-10 17:27:30
202,480,94,0,2026-05-10 17:27:30
203,480,34,1,2026-05-10 17:27:30
204,481,95,0,2026-05-10 17:27:30
205,481,73,1,2026-05-10 17:27:30
206,481,71,2,2026-05-10 17:27:30
207,481,34,3,2026-05-10 17:27:30
208,482,96,0,2026-05-10 17:27:30
209,482,73,1,2026-05-10 17:27:30
210,482,97,2,2026-05-10 17:27:30
211,482,34,3,2026-05-10 17:27:30
212,483,98,0,2026-05-10 17:27:30
213,483,73,1,2026-05-10 17:27:30
214,483,71,2,2026-05-10 17:27:30
215,483,34,3,2026-05-10 17:27:30
216,484,99,0,2026-05-10 17:27:30
217,484,73,1,2026-05-10 17:27:30
218,484,97,2,2026-05-10 17:27:30
219,484,34,3,2026-05-10 17:27:30
220,485,100,0,2026-05-10 17:27:30
221,485,73,1,2026-05-10 17:27:30
222,485,97,2,2026-05-10 17:27:30
223,485,34,3,2026-05-10 17:27:30
224,486,101,0,2026-05-10 17:27:30
225,486,73,1,2026-05-10 17:27:30
226,486,97,2,2026-05-10 17:27:30
227,486,34,3,2026-05-10 17:27:30
228,487,102,0,2026-05-10 17:27:30
229,487,73,1,2026-05-10 17:27:30
230,487,97,2,2026-05-10 17:27:30
231,487,34,3,2026-05-10 17:27:30
232,488,103,0,2026-05-10 17:27:30
233,488,73,1,2026-05-10 17:27:30
234,488,97,2,2026-05-10 17:27:30
235,488,34,3,2026-05-10 17:27:30
236,489,104,0,2026-05-10 17:27:30
237,489,64,1,2026-05-10 17:27:30
238,489,34,2,2026-05-10 17:27:30
239,490,105,0,2026-05-10 17:27:30
240,490,73,1,2026-05-10 17:27:30
241,490,71,2,2026-05-10 17:27:30
242,490,34,3,2026-05-10 17:27:30
243,491,106,0,2026-05-10 17:27:30
244,491,73,1,2026-05-10 17:27:30
245,491,97,2,2026-05-10 17:27:30
246,491,34,3,2026-05-10 17:27:30
247,492,107,0,2026-05-10 17:27:30
248,492,73,1,2026-05-10 17:27:30
249,492,97,2,2026-05-10 17:27:30
250,492,34,3,2026-05-10 17:27:30
251,493,108,0,2026-05-10 17:27:30
252,493,73,1,2026-05-10 17:27:30
253,493,97,2,2026-05-10 17:27:30
254,493,34,3,2026-05-10 17:27:30
255,494,109,0,2026-05-10 17:27:30
256,494,73,1,2026-05-10 17:27:30
257,494,71,2,2026-05-10 17:27:30
258,494,34,3,2026-05-10 17:27:30
259,495,110,0,2026-05-10 17:27:30
260,495,34,1,2026-05-10 17:27:30
261,496,111,0,2026-05-10 17:27:30
262,496,34,1,2026-05-10 17:27:30
263,497,112,0,2026-05-10 17:27:30
264,497,34,1,2026-05-10 17:27:30
265,498,113,0,2026-05-10 17:27:30
266,498,34,1,2026-05-10 17:27:30
267,499,114,0,2026-05-10 17:27:30
268,499,33,1,2026-05-10 17:27:30
269,499,34,2,2026-05-10 17:27:30
270,500,115,0,2026-05-10 17:27:30
271,500,34,1,2026-05-10 17:27:30
272,501,116,0,2026-05-10 17:27:30
273,501,73,1,2026-05-10 17:27:30
274,501,71,2,2026-05-10 17:27:30
275,501,34,3,2026-05-10 17:27:30
276,502,117,0,2026-05-10 17:27:30
277,503,118,0,2026-05-10 17:27:30
278,503,33,1,2026-05-10 17:27:30
279,503,34,2,2026-05-10 17:27:30
280,504,119,0,2026-05-10 17:27:30
281,504,33,1,2026-05-10 17:27:30
282,504,34,2,2026-05-10 17:27:30
283,505,120,0,2026-05-10 17:27:30
284,505,33,1,2026-05-10 17:27:30
285,505,34,2,2026-05-10 17:27:30
286,506,121,0,2026-05-10 17:27:30
287,506,89,1,2026-05-10 17:27:30
288,506,34,2,2026-05-10 17:27:30
289,507,122,0,2026-05-10 17:27:30
290,507,34,1,2026-05-10 17:27:30
291,508,123,0,2026-05-10 17:27:30
292,508,89,1,2026-05-10 17:27:30
293,508,34,2,2026-05-10 17:27:30
294,509,124,0,2026-05-10 17:27:30
295,509,64,1,2026-05-10 17:27:30
296,509,34,2,2026-05-10 17:27:30
297,510,125,0,2026-05-10 17:27:30
298,510,64,1,2026-05-10 17:27:30
299,510,34,2,2026-05-10 17:27:30
300,511,126,0,2026-05-10 17:27:30
301,511,64,1,2026-05-10 17:27:30
302,511,34,2,2026-05-10 17:27:30
303,512,127,0,2026-05-10 17:27:30
304,513,128,0,2026-05-10 17:27:30
305,514,129,0,2026-05-10 17:27:30
306,515,130,0,2026-05-10 17:27:30
307,516,131,0,2026-05-10 17:27:30
308,517,132,0,2026-05-10 17:27:30
309,518,133,0,2026-05-10 17:27:30
310,519,134,0,2026-05-10 17:27:30
311,520,135,0,2026-05-10 17:27:30
312,521,136,0,2026-05-10 17:27:30
313,522,137,0,2026-05-10 17:27:30
314,523,138,0,2026-05-10 17:27:30
315,524,139,0,2026-05-10 17:27:30
316,525,140,0,2026-05-10 17:27:30
317,526,141,0,2026-05-10 17:27:30
