Categorie,Subcategorie,SUB-SUBCATEGORIE/BRAND,Colectie,Nume produs,Nume variante/SUBTITLU,Link variante,SKU
PLACI CERAMICE,NICHE TILES,41ZERO42,Milano70,Milano70,CACAO,https://www.41zero42.com/collections/milano70-en/,
,,,,Milano70,COGNAC,,
,,,,Milano70,GOLD,,
,,,,Milano70,OLIVE,,
,,,,Milano70,PEACOCK,,
,,,Stories,Stories,DANCE,https://www.41zero42.com/collections/stories-en/,
,,,,Stories,EDDIE,,
,,,,Stories,CARAVAN,,
,,,,Stories,COSTIERA,,
,,,Nok,Nok,NOK TERRA,https://www.41zero42.com/collections/nok-en/,
,,,,Nok,NOK IVORY,,
,,,,Nok,NOK TAUPE,,
,,,,Nok,NOK EBONY,,
,,,,Nok,GRAINS TERRA,,
,,,,Nok,GRAINS IVORY,,
,,,,Nok,GRAINS TAUPE,,
,,,,Nok,GRAINS EBONY,,
,,,,Nok,SNAKE TERRA,,
,,,,Nok,SNAKE IVORY,,
,,,,Nok,SNAKE TAUPE,,
,,,,Nok,SNAKE EBONY,,
,,,,Nok,TOTEM TERRA,,
,,,,Nok,TOTEM TAUPE,,
,,,,Nok,TOTEM IVORY,,
,,,,Nok,TOTEM EBONY,,
,,,NANO Gap,NANO GAP,BIANCO,https://www.41zero42.com/collections/nano-gap-eng/,
,,,,NANO GAP,GRIGIO,,
,,,,NANO GAP,NERO,,
,,,BISCUIT,BISCUIT,BIANCO,https://www.41zero42.com/collections/biscuit-eng/,
,,,,BISCUIT,SALVIA,,
,,,,BISCUIT,NOTTE,,
,,,,BISCUIT,BORDEAUX,,
,,,,BISCUIT,TERRA,,
,,,,BISCUIT,POWDER,,
,,,FUTURA,FUTURA,WHITE,https://www.41zero42.com/collections/futura-eng/,
,,,,FUTURA,HALF WHITE,,
,,,,FUTURA,DROP WHITE,,
,,,,FUTURA,GRID WHITE,,
,,,,FUTURA,T WHITE,,
,,,,FUTURA,BLUE,,
,,,,FUTURA,HALF BLUE,,
,,,,FUTURA,DROP BLUE,,
,,,,FUTURA,GRID BLUE,,
,,,,FUTURA,T BLUE,,
,,,,FUTURA,ROSE,,
,,,,FUTURA,HALF ROSE,,
,,,,FUTURA,DROP ROSE,,
,,,,FUTURA,GRID ROSE,,
,,,,FUTURA,T ROSE,,
,,,,FUTURA,BLACK,,
,,,,FUTURA,HALF BLACK,,
,,,,FUTURA,DROP BLACK,,
,,,,FUTURA,GRID BLACK,,
,,,,FUTURA,GREY,,
,,,,FUTURA,TRIANGLES,,
,,,,FUTURA,TUBES,,
,,,,FUTURA,MICROCHIP,,
,,,,FUTURA,BIRD,,
,,,WIGWAG,WIGWAG,WHITE,https://www.41zero42.com/collections/wigwag-eng/,
,,,,WIGWAG,GREY,,
,,,,WIGWAG,BLACK,,
,,,,WIGWAG,MUD,,
,,,COSMO,COSMO,BRICK LUX COTTO,https://www.41zero42.com/collections/cosmo-eng/,
,,,,COSMO,BRICK MATTE COTTO,,
,,,,COSMO,BRICK LUX BLU,,
,,,,COSMO,BRICK MATTE BLU,,
,,,,COSMO,BRICK LUX GRIGIO,,
,,,,COSMO,BRICK MATTE GRIGIO,,
,,,,COSMO,BRICK LUX VERDE,,
,,,,COSMO,BRICK MATTE VERDE,,
,,,,COSMO,BRICK LUX NERO,,
,,,,COSMO,BRICK MATTE NERO,,
,,,Pixel41,Pixel41,RED,https://www.41zero42.com/collections/pixel41-en/,41042_4100799
,,,,Pixel41,LOBSTER,,41042_4100800
,,,,Pixel41,CORAL,,41042_4100801
,,,,Pixel41,BORDEAUX,,4100802
,,,,Pixel41,PURPLE,,4100803
,,,,Pixel41,VIOLET,,4100804
,,,,Pixel41,ROSE,,4100805
,,,,Pixel41,STRAWBERRY,,4100806
,,,,Pixel41,BLUSH,,4100807
,,,,Pixel41,NUDE,,4100808
,,,,Pixel41,POWDER,,4100809
,,,,Pixel41,TERRA,,4100810
,,,,Pixel41,TOBACCO,,4100811
,,,,Pixel41,CURRY,,4100812
,,,,Pixel41,KHAKI,,4100813
,,,,Pixel41,LEMON,,4100814
,,,,Pixel41,VANILLA,,4100815
,,,,Pixel41,SAND,,4100816
,,,,Pixel41,NUT,,4100817
,,,,Pixel41,ALMOND,,4100818
,,,,Pixel41,WHITE,,4100819
,,,,Pixel41,PEARL,,4100820
,,,,Pixel41,GREY,,4100821
,,,,Pixel41,MUD,,4100822
,,,,Pixel41,BLACK,,4100823
,,,,Pixel41,ANTRAX,,4100824
,,,,Pixel41,NOTTE,,4100825
,,,,Pixel41,OCEAN,,4100826
,,,,Pixel41,TUAREG,,4100827
,,,,Pixel41,POOL,,4100828
,,,,Pixel41,CERULEAN,,4100829
,,,,Pixel41,CLOUD,,4100830
,,,,Pixel41,SKY,,4100831
,,,,Pixel41,CELADON,,4100832
,,,,Pixel41,MUSK,,4100833
,,,,Pixel41,SALVIA,,4100834
,,,,Pixel41,MILITARY,,4100835
,,,,Pixel41,FROG,,4100836
,,,,Pixel41,PEACOCK,,4100837
,,,,Pixel41,MARINE,,4100838
,,,,Pixel41,MINT,,4100839
,,,RIGO,RIGO,WHITE,https://www.41zero42.com/collections/rigo-eng/,
,,,,RIGO,BLACK,,
,,,MOU,MOU,MILK MATTE MIX,https://www.41zero42.com/collections/mou-en/,
,,,,MOU,MILK MATTE,,
,,,,MOU,MILK GLOSSY MIX,,
,,,,MOU,MILK GLOSSY,,
,,,,MOU,BUTTER MATTE MIX,,
,,,,MOU,BUTTER MATTE,,
,,,,MOU,BUTTER GLOSSY MIX,,
,,,,MOU,BUTTER GLOSSY,,
,,,,MOU,CARAMEL MATTE MIX,,
,,,,MOU,CARAMEL MATTE,,
,,,,MOU,CARAMEL GLOSSY MIX,,
,,,,MOU,CARAMEL GLOSSY,,
